stock,volume
CVCO,30
SCS,16343
SCU,100
BBD,256596
BBG,37224
BBF,2808
BBH,30107
SCON,1400
SCX,290
BBK,2830
SCOK,230
SCZ,24668
STPZ,7442
JIVE,6079
BBL,35260
BBN,4144
SDD,100
BBT,174012
TWTC,55693
SCOR,4070
CEAI,100
BBW,1102
BBY,259727
BBX,536
FNLC,2603
SDP,25
SDR,8439
BCA,5617
SDT,4475
SDS,711244
BCC,1475
BCF,3966
BCE,23437
BCH,1502
STON,10284
KURRY,1
SDY,102920
JRONY,100
BSAC,3518
SEA,7250
BCO,5702
BCR,25115
SEB,13
SEE,22528
BCS,83461
BCV,1139
SEF,680
BCX,13352
CVCY,800
IWSY,11500
HCOM,1051
SEM,38963
TWSI,235
SEP,3264
BDC,4910
HTSI,24346
A,70391
TKPPY,3327
BDE,4973
B,3058
NVEC,725
C,1057097
BDD,2000
D,48098
STRT,600
SEV,3137
STRS,2000
E,18862
F,1507526
G,13940
H,12669
STSA,4416
I,3814
BDJ,86312
K,65367
BDL,1400
L,19254
MLLGF,2700
M,163054
BDN,44169
MSBF,200
CYS.PR.B,1755
N,14557
O,86268
P,321189
STSI,554985
Q,25271
CECO,54440
R,22625
SFE,8806
S,1499838
T,2840918
SFG,1884
V,210803
BDX,57767
X,702171
SFL,17872
SFK,936
IFUS,50000
Y,1711
Z,31082
SFN,224
CECE,3668
SFM,8086
NVDA,3157029
BEE,23030
SCPB,19701
BSCM,214
BSCL,752
BSCK,66812
TWTR,2289729
SFY,35136
BSCJ,1955
BSCI,7073
BSCH,11099
BEN,68410
BSCG,4489
BSCF,4406
BEP,2604
CEDU,664
TFSL,64745
SGA,653
BSCE,14209
SGC,20
ZMSPF,1000
NVDQ,9457
VLGEA,686
NECB,400
SGG,900
SGF,1852
SGI,15291
NVDL,15997
SGK,112
STRA,6081
SGM,1223
STRP,127
SGL,17931
STRM,16912
STRL,2509
FNMA,490981
BSBR,489880
HTSC,600
STRI,73038
SGU,3518
CEFC,43
NVGC,800
LPAD,1446
SGY,17403
APAM,761
BSDM,18376
SCSC,1858
BFK,13159
DHIL,119
BBBY,69685
CVGI,3880
BFO,301
NVGN,500
ARTNA,74
BFS,213
BFR,1900
NVGS,24287
SHG,1898
BFY,2137
SHI,1327
SCSS,33124
BFZ,4086
SHM,17541
SHO,59140
BGB,7977
BGC,8242
MSCA,317
SHV,93695
MSCC,26558
BBDA,128500
BGH,23078
BGG,13779
SHW,16815
BGI,250
SHY,70290
SCRC,20000
MSCI,11110
BBCZ,2600
BGR,10821
BGT,11998
HCSG,7709
BGS,9022
SID,280159
SIG,63555
PHOEF,200
SIF,60
BGX,7410
BBCN,4165
BGY,14645
SIM,2010
SIL,27156
CEFL,8266
CVGW,1273
BHB,302
SIR,42517
MODTQ,1800
BHE,8425
STTK,122500
BSFT,4373
BHI,104917
MSFG,1548
SIX,22174
BHK,4249
HTWR,3379
BHL,594
STWD,18527
SJB,450
BHP,86317
MSFT,1984494
BHV,1
NVIV,3970
SJI,1761
SJM,25890
FNRC,250100
BIB,11286
SJR,5739
STWS,500
BID,21140
FNRG,600
SJT,3382
BIF,765
BIE,104
BSET,746
BIG,9022
SJW,722
ASWRF,7688
BIL,12755
BIK,7134
KGILF,2910
BIN,2100
APDN,57399
BIP,8857
APNHY,20
BIO,547
BIT,5300
BIS,3074
BIV,15681
SKF,2785
SKH,342
SKK,400
SCTY,114513
BBEP,15537
SKM,46268
STVF,35400
MSEX,950
SKT,5365
MSHF,200
SKX,4251
RSTAY,23
BJK,1360
BCAUY,10
FNSR,84172
SLB,217682
SLA,2400
SLF,16848
DNFGY,38
APEI,1591
SLH,2941
SLG,36982
BSHF,4108
SLI,250
PKPL,800
EUDSF,15
BJZ,1273
SLM,70606
SLP,46
QNST,3607
BKD,14206
AIG.WS,6886
SLV,955214
BKF,3833
BKE,5089
BKH,3958
SLX,1022
SLW,302622
BKJ,400
SCVL,2573
WPCS,887250
SLY,5210
BKK,2237
CVLT,39211
BKN,3470
SMA,1339
SMB,4917
BKT,8652
BKS,13115
SMG,2347
SMF,3423
BKU,165055
SMI,27663
SMH,83187
BKW,11503
TYIDY,635
PKOH,5141
APFC,4380
SMM,3095
SMN,1476
SMP,2133
BLE,12283
STXS,32935
SMT,859
DYNT,1600
MBFI,5300
BBGI,2980
BLH,176
NVMI,22255
BLK,13403
BLJ,1374
CELH,1150
CELG,154921
BLL,32855
SCYL,100
SNA,8324
BLT,1786
SNE,79778
SNH,73259
BLW,10643
BLV,3560
BSJK,583
BSJJ,1328
SNI,38654
BLX,4754
ZHNE,70205
BSJI,2884
VMCS,36000
APGI,76
BSJH,7947
MBII,345
BSJG,11670
BSJF,18288
SNN,6186
BSJE,11118
SNP,6700
BMA,2915
TKPYY,630
SNV,311917
BME,1078
MBIS,970
SNX,3579
SNY,169032
BMI,670
VMBS,2740
CEMI,710
BMO,19965
BMR,36871
BMS,23053
BMY,275956
NVLX,36745
SOL,155753
SON,12604
BNA,13129
SOQ,72
SOR,2269
APHB,1003
ALAWP,136
BND,124188
KMDA,1800
C.WS.B,51150
BNJ,1743
C.WS.A,4300
BNO,1750
SPB,16896
SPA,605
BNS,46807
MSLI,2195
SPF,105533
SPE,1100
NENE,5895
SPH,3074
SPG,69500
BNY,4970
KMKGF,2550
DYSL,2410
MSLP,2000
CVOL,60
SPN,37055
SPR,24927
BBT.PR.G,1199
BOE,15590
BBT.PR.F,3040
SPU,2080
BOH,3839
CEMP,2633
SPW,6602
BOI,861
SPY,6135633
BBT.PR.E,4573
BBT.PR.D,1824
BSMX,15074
LPHI,260
BOS,20
SQI,837
NVCIF,500
SQM,35066
CENX,19570
CENT,206
VMEM,6713
YELP,100609
BPI,5725
BPK,1453
BPL,4793
BPO,52310
BPS,100
MBLX,1860
SRC,55304
SRF,5217
BPT,4732
SRE,34381
BPY,8708
SRI,11266
BPZ,8185
SRS,7717
SRV,8104
BBLU,10
BQH,3
LPLA,2636
NEPT,1000
BQR,6592
BBNK,919
SSD,1561
SSG,1000
SSI,13836
SSH,12491
BQY,2300
NEOG,4183
CVRR,16010
XSLV,196
SSL,8793
SSO,370770
SSN,5173
SSP,3073
NEOM,271142
BRC,10935
OHRP,600
NEON,19521
SSS,2080
BRE,40813
SST,538
BRD,9014
SSW,9012
BRF,32241
TLSYY,3739
XBKS,200
BRO,30127
STB,18464
CERN,56812
BRP,17716
BRS,2546
STC,1307
NVSL,600
BRT,101
STE,5499
STJ,136480
STI,118779
BRX,12328
CERE,11000
STL,1691
CVST,1000
STK,5412
SUBK,647
STN,4702
STM,105727
STO,38854
STR,8874
BSPM,4700
STT,72365
BSD,4192
STS,146
STV,5000
BSE,1891
STX,244665
BGMZF,2000
STZ,50779
BSL,13559
CVSC,1850
CEQP,9514
BSP,693
PSA.PR.X,1202
MSON,7418
SUB,1028
PSA.PR.T,851
BSV,79996
PSA.PR.U,2233
PSA.PR.V,2918
SUI,5061
BSX,739445
PSA.PR.W,566
PSA.PR.P,113
PSA.PR.Q,836
PSA.PR.R,1260
PSA.PR.S,1645
APNT,12000
XSNX,10000
BSQR,2744
BTA,13293
PSA.PR.O,403
SUP,2532
HUBG,2940
BTE,5712
BTG,140812
BTF,1
BTI,8037
BBOX,3093
BTH,7524
CVTI,400
PKWY,3000
BTO,6222
CERS,41954
BTN,1295
SVA,2130
CERP,30000
KPCPY,910
NETC,2188
BTU,343208
BTT,3935
TXGE,14100
BTX,12681
BTZ,11284
WPNV,1000
SVM,60670
NETE,5390
BSRR,454
BUD,174194
ARCAY,92
GRBG,30
APOL,83420
SVU,122835
GRT.PR.I,1
GRT.PR.H,297
OBTLY,125
BUI,2894
APOG,3504
IRET.PR.B,2
EXMRF,100
BSRC,85
SWC,89577
NVTL,3921
SWI,42547
XBOR,73
SWK,20868
APPY,7502
SWJ,10370
APPZ,5350
SWM,10359
LPNT,6611
NESI,200
BBRG,123
SWN,73545
BVA,4200
XSPY,4900
BBRC,1492
SWS,1604
SWY,115229
YESD,4000
SWX,3833
DRAGF,500
SWZ,8300
CETV,66365
BVN,120175
GRAS,200000
APPA,33985
SXC,15770
MSTR,1373
SXE,101
BVX,650
SXI,138
SXL,26958
BBSI,1875
BWA,42475
CEVE,70
SXT,12035
MSTX,92929
BWC,44486
CEVA,801
BWG,12726
BBRY,5660943
BWP,30699
SYA,1929
BWS,84248
BSTC,2108
BWV,22700
TYG.PR.B,1003
BWX,49277
APSA,880
BWZ,6411
SYK,39685
SYN,17252
BXC,1501
MBRG,24
BXE,700
SYT,14002
SYY,1537458
TGGI,485000
SYX,535
APRI,33120
GABC,238
BXP,30722
BXS,16977
SZC,1268
KMPR,1703
SZO,980
GCVRZ,465551
BYD,34539
BYI,27049
JTEKY,8
BYM,23789
MSWM,2555
GRFS,15743
LPTH,1200
LPTN,600
MBTF,2727
PTAXF,2764
NEWL,36460
GACR,19850
BZC,100
CCLAY,9
BZF,8522
APTS,6700
LPSB,600
NEWT,6400
GREK,26602
XBTC,600
BZH,48348
HKXCY,911
WPRT,39667
NEWP,8196
BBVA,200534
BZM,3
NEWS,1246
BZQ,21359
APTL,1
HDGE,4698
LPSN,21403
BZT,100
TOLWF,1500
MBWM,604
TGLP,300
GAGA,599
PLBC,39
SDIV,26922
SDIR,3557
BLLAF,33598
MBVA,13
APWC,540
IGLD,1624
MBVT,3806
PLAB,6113
TXMD,12604
RRGB,1584
ELAY,8563079
ALL.PR.C,431
ALL.PR.D,9200
PLCM,15812
ABW.PR.B,182
ALL.PR.A,227
BDN.PR.E,55
ALL.PR.B,1179
GAIA,1336
UBP.PR.F,600
THYCY,600
GAIN,17552
PUK.PR,1200
GRID,4
GRIF,13
AQPVF,650
NINOY,5
TAC,6831
PLCE,31745
TAI,1475
TAL,26889
SUNS,47
TAN,28125
TAM,1578
TAP,41444
TAO,1843
GWPRF,1695
TAT,12650
TAS,11894
TAX,605
OIBR,641625
NPSKY,719
GRLT,2688
HDNG,2165
TBF,155383
TBI,3054
TXRH,14694
SUMR,200
CWBK,200
CAC,208
CAB,8744
CAE,1507
TBT,192345
IGOV,8211
CAG,43765
CAF,10813
TBX,2268
CAH,77864
CAK,1010
FOHL,2799
CAJ,19196
TBZ,200
CAM,95444
JJSF,725
TCB,16660
CAP,1159
SDLP,4827
CAS,2567
RAIL,893
CAR,96487
TCC,500
CAT,325464
WRCDF,617
TCI,23
TCK,93081
SUNE,322422
RRMS,2379
TCP,1273
TCO,13886
CBB,413322
GALT,5600
CBA,9855
GRNH,957118
CBD,11638
SUTNY,3342
TCS,28372
CBF,1138
SUPN,15492
TCX,14418
GRNL,999
CBG,46342
ROHCY,128
AHEXY,591
CBI,35110
CBL,67600
CBK,17237
SUPX,646
CBM,5202
SDOG,10260
TDA,1501
TDC,692529
CBR,3416
GAME,47470
TDE,500
CBT,3583
CBS,66748
TDG,292599
TGRO,170970
TDF,31996
CBU,3680
TDI,54
UNCFF,2080
TDH,182
CBZ,5058
RALY,1675
GAMN,250
TDJ,1022
GGRGF,4506
HURC,616
GAMR,400
SDOW,75300
TDN,2739
CCA,316
GRMC,2500
CCC,2772
TDS,10933
BTAL,237
CCE,48482
CCG,16558
TDW,9066
TDV,74
CCF,230
TDY,2583
CCI,746626
DIDG,9847
CCH,137
CCK,19998
CCJ,47546
CCM,223
GRMN,234268
CCL,191341
CCO,7365
NWBO,31468
GALE,438347
CFBK,500
CCU,10640
NWBI,15364
TEF,99224
CCV,425
TEG,17302
ELGX,12062
TEI,23509
CCX,3732
TEL,48995
TEN,19569
TEP,603
CWCO,6920
TEO,16710
GDFZY,3087
TER,77158
GRPH,2064
RAND,27
CDE,83034
TEU,10628
IVPAF,1060
DLAKY,7881
TEX,47714
DIGI,9840
CWEI,1327
GRPN,1131588
CDI,3266
CDR,6195
TGTX,6646
PUTKY,64
MTBR,133200
TFI,17966
CDW,3515
SUSP,100
TFM,26023
CEA,800
CEC,327
FOLD,13218
CEB,3009
CEE,530
CEF,79035
NFBK,2283
TXTR,12067
TFX,3556
IPL.PR.D,118
GRPEF,2000
CEM,13033
CEL,9372
HURN,905
CEO,5453
CEN,1201
IGTE,12988
BCAR,1030
TGB,58694
IXUS,27970
TGA,13218
CEP,236
BCAP,1010000
SURG,2508
TGD,25502
TGC,4051
GROW,403
CET,3889
TGE,69
TGH,15887
CEW,1135
CEV,3317
FPAFY,1587
GANK,2500
TGI,6437
HUSA,1418
TGP,11942
RYCEY,966
HUSE,300
TGR,2208
VALE.P,426351
TGT,1188803
CFD,903
TGS,9940
ELLI,26231
EPGNF,11655
CWGL,127
CFI,4024
SUTR,4687
SPCHA,20
DIIBF,135
CFN,52722
CFP,9244
CFR,8036
THC,83823
BCBP,1100
CFT,4747
THD,83062
MTDR,28661
RRRI,25
THG,1779
CFX,3360
THI,4332
THM,241147
THO,16921
OIIM,1600
CGA,10500
ELMD,250568
THS,1191
THR,1034
FONE,2
CGG,1990
HDRX,49152
CGI,4152
CWHO,2100
CWHN,408
SUSS,4879
SUSQ,55145
CGO,12151
NWFL,30
FONR,60239
SDRL,172009
SUTI,2500000
TIF,48663
NFEC,826
CGW,4676
SETHF,600
MCBC,914
CFFN,22690
CGX,2996
HDSN,16483
MTCN,1337
TIK,855
BCCI,18918
CFFI,1795
MCBI,65
TIP,52388
NILSY,1002
ZIGO,615
CHA,1708
CHD,11923
CHC,136
TIS,1049
CHE,11544
GST.PR.B,1879
CHH,2762
ELNK,35687
CHI,46627
XTEX,6205
CHL,68673
PLMT,220
GST.PR.A,401
RRST,58
CHK,236715
CHN,1234
SPG.PR.J,272
CDPYF,2300
GASE,1000
CHT,2395
CHS,451176
CWID,40
CHU,13168
GASL,4900
CHW,42873
CHY,25940
HE.PR.U,64
PLND,4034
RRTS,1383
FORD,6738
CIA,445
FORC,200
ARDNA,630
BAMXF,226
CIB,1200
CIE,109449
GASX,1043
SUWN,130702
CIG,196058
CIF,7355
CII,29203
TJX,183913
CIK,19087
CIM,369557
TKOMY,1609
IXYS,3520
TEU.PR.C,148
CIS,620
CIR,2024
TKC,172969
GRST,17000
CIU,7585
TKF,5701
CIT,24547
BAMXY,645
CIX,438
CRZBY,3623
IGXT,8130
BCEI,5870
GARS,631
TKR,34514
MTEX,600
EBODF,170
PLOW,1403
FOSL,25875
RATE,10856
OILT,115
PLPC,147
OILZ,24
TLF,548
GRVY,1560
TLI,3541
RYCEF,2200
TLH,1814
TLK,4817
PLPE,113662
TLM,133573
TLL,875
MCGC,13887
TLO,1366
TLP,530
TLR,225
PLPM,4572
TLT,195300
GASZ,15003
MTGE,26157
CKH,528
MCET,19110
MCEP,694
PLNR,14900
FORM,3176
ELON,12100
FORR,675
CKP,3707
ELOS,10966
TMF,800
MCQPF,1
TMH,7851
TMK,10219
ANZFF,75
TMP,674
LQDT,10299
TMO,121422
CLB,2517
CLD,3686
CLC,3683
CLF,319932
TMV,14075
CLH,10922
LVNSF,22590
RAVN,1544
CLI,48433
MCHX,34154
SDYL,1052
RAVI,200
CLM,14270
TNA,629223
FOUR,5000
TNC,1327
CLR,49560
CLS,2200
KNDI,227291
CLV,1513
CLX,48869
ZINC,31862
CLW,894
TNH,914
MCIG,733343
TNK,14003
CLY,1119
CMA,43722
TNP,6503
CMC,21010
ELSE,400
CME,1263960
LUKOY,1828
CMD,200
XCHO,2500
BFLBY,1757
CMG,6517
VNDA,76323
CMF,298
CMI,36997
CMK,103
NWLI,6
CMO,32991
CMN,1717
LVNTA,12881
CMP,2758
CMS,77517
CMU,16980
TOF,100
CMT,1555
OZON,1000
TOL,84442
TOK,800
VNCE,4375
MCHI,24021
NONOF,82
TOO,8074
CNA,2058
ELRC,842
TOT,73993
CNC,12806
MCHP,57757
DIOD,1721
CNI,28551
CNL,5957
CNK,17194
OZRK,2400
MTLK,1925
ELTP,42300
CNP,45296
CNO,26874
CNR,500
TPC,15554
CNQ,148413
CFNB,10
FNB.PR.E,25
BCS.PR,715
CNS,2287
CNX,85394
TPI,1100
CNW,7674
TPH,5697
VNET,20209
CNY,45
PLTM,2
TPL,427
AGUNF,12000
FOXA,1329169
FOXF,1133
TPS,200
COB,543
COG,178394
COF,201021
ZIPR,76
XTLB,732
ANZBY,15685
DIRI,500
COH,431818
TPX,9241
TPZ,871
NFLX,101647
GRYO,900
COL,33012
BCLI,106920
COO,9601
ZION,75148
COP,199639
UGNEQ,403700
COR,2713
LBTYA,120634
ELST,15000
COT,7710
LBTYB,2100
COW,700
COV,41844
NBHGY,100
PLSB,5283
CPB,43417
CPA,8626
CPF,1809
CPE,23518
GRZG,6300
ZIOP,39891
CPL,12089
LBTYK,111005
ELTK,1690
CFNL,7316
CJREF,344
CPK,264
CPN,49925
TRC,2293
CPT,31481
MAKSY,2641
TRF,1050
TRI,29143
TRK,411
JMPLY,120
TRN,49654
TRQ,187961
TRP,27297
TRS,5660
CQB,9419
GQMNF,9985
TRR,143
TRW,14924
DPMLF,100
TRV,62990
TRX,5906
CQH,22566
TBDYF,333
CQP,5207
TSC,26
TSH,100
PLUG,5900608
TSI,7165
TSL,227790
TSN,59477
TSM,263346
TSO,115004
TST,124
NWPX,2808
TSS,31183
CRF,19056
TSU,32235
SPCHB,68
CRH,9370
DISH,67080
CRI,6276
CRL,23789
CRK,52070
PLUS,527
CRM,234205
BCOM,574
TCB.PR.B,95
TTC,6742
CRR,10237
CRT,101
CRS,20676
CRV,286
TTF,617
TTI,15775
MGMCF,26000
CWST,983
SVBL,2530
CRY,15456
TTM,77280
SVBI,200
LQMT,91550
TTP,3838
PLXS,3531
CSC,29134
TTS,36449
SEAC,9320
CSE,7543
CSD,18832
TTT,2972
CSG,29638
CSI,3734
CSH,326
CSJ,24105
MCOX,38
CSM,435
PLXT,5413
CSL,23096
CSQ,37250
AABVF,13525
CSP,8835
CSS,2249
TUC,326
LVNVF,1000
CSU,2088
CST,16335
CSV,2150
CSX,184153
BCPC,3237
CWTR,2780
MTOR,24575
TUP,10202
TUR,94846
CTB,48692
NWSA,117993
CTF,4810
BCOV,18516
CTG,17344
TUZ,1639
CTL,628198
BCOR,26430
CTP,700
CTO,112
CTR,8343
ALBPP,1655
TVC,3702
CTQ,3147
TVE,1468
CTT,3218
CTS,9968
CTU,622
CTX,3201
MTRN,614
AFRAF,250
CTW,3920
HECO,1208
MTRX,1947
CTY,6084
GSBC,1372
CUB,3116
MTSC,6204
THFF,549
CUI,1322
CUK,30705
MTSI,45
GBAB,1815
CUR,15341
YFRM,10000
TWC,71307
SEAS,58760
NWTR,3142
CUT,13637
TWI,27549
ESPGY,12
BCRH,10274
CUZ,28685
TWN,1078
TWM,197362
TWO,141165
CVA,38199
SUBCY,1055
KNKT,3900
JKHY,15519
CVD,2493
NNN.PR.E,1
CVC,160381
NNN.PR.D,396
CVE,46757
NWUC,100
TWX,209575
CVG,5256
CVI,22140
BIR.PR.A,873
CVM,3300
CVO,15735
GSAT,70925
CVR,600
CVT,20
CVS,349639
CVV,2852
CVU,1000
CVX,228750
TXI,16288
CVY,6935
SVFC,709000
HEES,233
ZIXI,22056
TXN,538675
RSCO,4270
BCSB,200
CWB,64753
TXT,80079
CWI,3616
CWH,11067
SEED,1500
BCRX,15382
MTUM,7
SEEK,2403986
TYC,60687
CWT,2644
HEDJ,15287
TYG,8741
UOVEY,132
MTSL,40
MTSN,5500
TYL,4576
TYN,1784
MCRI,1671
THGA,90
TYO,1950
CXA,721
CXE,34648
CXH,12408
MCRS,11982
MCRL,5432
TYY,4756
BDVSY,18
CXM,70930
BTUI,1000
TZA,938016
CXP,18244
CXO,85453
TZE,360
TZD,4741
TZG,568
TZI,494
ALSMY,1621
CXW,21761
TZL,1080
TZO,282
CYB,513
CYD,632
TZW,2682
TZV,1769
TZY,518
SEGI,250000
ALBKY,458118
CYH,89932
CYN,2727
CYS,78691
CYT,5875
GBCI,17416
VNOD,2782
KNOP,135
CZA,2347
SEFE,5499
CZR,18030
GBDC,13031
RBCN,5935
CZZ,70663
XTXI,10867
LEN.B,768
EMBB,801
SEIC,24579
THLD,11699
AQUM,3870300
EMBR,3000
GBGD,1000
PMBC,14401
BKJAY,25
PNPFF,22300
GBEN,50000
ALBMP,42
DEMBF,308
VNQI,12410
MZDAF,200
PMCM,3236666
BCYP,25000
PMCS,38489
GS.PR.J,1690
GSJK,903
EMDI,40
VNO.PR.L,1776
VNO.PR.K,1597
VNTV,48864
VNO.PR.J,3250
VNO.PR.I,492
VNO.PR.G,1332
HELE,1961
SVMI,45000
TYPE,2788
TLSNY,133
EMCB,3700
EMCD,201
EMCF,400
GSIG,228
PMBS,108000
EMCG,1260
EMCI,757
TI.A,658
DSEEY,1501
GS.PR.D,3389
GS.PR.B,3310
GS.PR.C,200
GS.PR.I,1348
GSIT,28217
GS.PR.A,4006
SVLC,36745
UAM,959
UAL,112043
HEMP,7124929
UAN,5032
RBIZ,5000
SEMG,54440
GBRRF,2400
RYDBF,863
EMFM,326
EMFN,750
DJCO,6
HENC,1000
UBA,6445
EMFT,422
UBC,280
PMFG,83
UBP,4
UBR,1156
UBT,12002
DAC,200
UBS,139369
LGSXY,100
SELF,1238
LNGLF,900
DAL,751164
RYDAF,831
THOR,11974
DAN,32729
JSAIY,550
UCC,12
DAR,28375
EMES,5443
FRFHF,214
UCI,328
EMEY,2
UCO,264618
THRD,600
DBA,117566
UCP,28
DBC,61134
DBB,42297
DBE,113313
DBD,57605
THRM,29967
THRK,3121
DBL,1687
DBO,4880
DBP,12100
DBS,1500
DBU,777
HEPI,7500
TYTN,4333
DBV,1145
THRX,39579
UDN,1728
UDR,54951
STPFQ,46354
DCA,18267
CESDF,100
DCE,8100
CXDC,11245
DCI,15544
DCM,8997
DCO,1238
UEC,9853
IACAF,19220
DCT,109176
HVPW,360
GBLI,1007
HEOP,407
PPERY,3712
DDC,12333
DDE,1294
GSPI,514000
DDD,233221
DDF,106
EMJI,82000
CXEE,200
DDM,40800
HERB,200
THTI,1650
DDP,230
GSPT,375
DDS,241230
DDR,97506
UFI,4144
HERO,214360
UFS,16755
DEF,7379
EMIF,2410
DEG,3805
DEJ,35510
GSOL,2520
MUAE,820
MUAF,227
MTSXY,1000
DEI,28558
DEL,25
JCTCF,400
DEM,76361
MUAC,5
UGA,2721
DEO,42864
MUAD,31
EMIS,600
DES,3595
DEX,8510
UGI,18968
DEW,436
RSOL,112925
GBNK,607
UGL,16663
UGP,12900
DFE,47531
NGEN,200
THVB,300
DFJ,2888
MDBX,15593
LRAD,3848
EMLP,18245
DFP,566
DFS,146032
MDCA,28481
CGEN,20419
DFT,26243
MDCI,5218
DFZ,416
UHN,749
BDBD,7308
MDCE,1
SGLRF,8575
AA,987156
UHT,4423
AB,17824
UHS,18534
AE,502
AF,65596
AG,174442
SOCGP,100
AH,52901
DGI,29775
AI,5602
DGL,721
MDAV,10990
AL,12597
DGP,10243
MDAS,7545
AN,45692
BDCS,4406
EMKR,4980
AP,963
DGT,530
AGESY,102
DGS,27172
AR,24152
BDCO,74
AT,56194
AU,140752
DGX,104206
BDCL,4378
AV,4770
DGZ,8053
ARAY,13723
UIL,23646
BDCG,5
ARESF,1
UIS,12141
BA,171868
EMLC,23739
ARCP,163162
STRZA,34988
BC,13063
DHG,11632
ARCO,32750
DHF,21304
DHI,523139
BG,11807
BH,42
RSSS,125
ARCI,402
BK,288622
BP,290563
DHS,6056
ARCC,109270
DHR,137822
BR,20204
RSTI,1353
DHT,23244
BT,2937
BV,3313
DHY,65620
PMNA,336
DHX,8036
BX,427188
LRCX,105260
EXPGY,1100
SEVA,966
ARBV,502
LABL,957
DIA,1512607
CA,114030
CB,35636
CE,17137
NXHD,6000
CF,20569
DIG,4085
CG,2095
CH,4426
CI,57375
MDCO,7527
DIN,903
LUNMF,13
DIM,113
CL,130413
EXPGF,360
CM,10908
CO,4301
CP,37123
EMMS,6655
ARDC,12103
DIT,4
DIS,487982
CR,5776
CWYUF,120
CS,65276
DIV,1222
UKF,20
CU,9356
MDDD,25070
CW,20611
UKK,4
CX,987022
CY,80166
SVVC,3157
ARCX,700
ARCW,10181
DB,88107
DD,285821
UKW,100
DE,448675
DF,23734
LACO,5822
SVXY,36802
DG,1341772
DK,48658
FNMAT,500
DL,2441
DM,36125
DO,329782
DJP,18278
CGIX,4283
DQ,3425
HVYW,1000
FNMAJ,1000
DV,4969
DW,3447
DX,25065
FNMAG,100
DY,5591
WREI,956
MDGN,1650
EA,292556
NVEEW,1221
EDVMF,3700
EC,18622
GRBMF,29
ED,165614
EE,1796
LHHMQ,8251
WABC,2477
DKL,2275
EJ,185339
MDFZF,800
LRDC,5000
HEWA,49403
EL,37284
UMC,50418
DKT,1527
DKS,27025
AADR,1921
EU,322
EV,19560
FPRX,5319
UMH,6427
EW,18926
GSVC,35841
DLA,604
AREX,9784
DLB,10539
FB,3798482
FC,627
BDGE,845
FE,193455
FF,5804
ARGT,310
UMX,670
VOCS,1330
FI,4147
GSXN,5000
FL,73016
FM,31952
DLN,1788
FN,999
KODK,2615
DLS,6007
DLR,101341
FR,16434
UNF,1915
UNH,213683
FT,1334
UNG,435623
DLX,11023
UNL,1941
RSXJ,267
UNM,54187
BRPIF,500
UNP,193645
NGLE,1
DMB,6147
GA,27305
DMD,3859
UNT,3563
GB,559
UNS,27788
DMF,13113
GD,90471
GE,2456858
GF,5743
GG,572224
WRES,28908
AAGC,700
GK,399
GM,684690
DMO,5418
GS,201656
GT,127773
GV,6668
GY,97426
XUII,13333
DNB,19349
HA,28933
GUKYF,1669
HD,277034
MDHI,105000
HE,10154
DNI,202
HF,1507
HH,14900
WAGE,5658
HI,5828
HK,32509
DNL,10
HL,603073
DNO,300
ARIS,900
DNN,42069
DNP,29254
HP,38694
DNR,192692
HR,15763
HT,11333
MSBHY,32
UPI,600
ARII,6180
HW,8179
UPL,102970
HY,4012
ARIA,2315430
DOD,6242
ZARFF,10
DOC,384
UPS,100725
UPV,802
RBYC,5000
IF,3000
UPW,206
DOG,14727
IG,7550
MDIV,10994
WAFD,12972
DOL,1570
DON,8413
DOM,3550
IL,15101
IM,21722
NGLS,9063
DOO,3501
IO,59942
IP,119292
WRGL,10152
IR,120866
DOV,25612
MGPHF,12550
IT,7192
FINMY,578
DOX,22321
DOW,302527
IX,286
UQM,5250
CGNX,43079
DPD,1581
ULBI,1200
DPG,5760
JE,8725
RSYS,5110
WAFR,71000
DPM,2033
MDLZ,516215
DPO,4414
URA,14668
JO,11265
ARKR,802
DPS,59769
MUNI,9031
NGPC,267
URE,26704
DPW,300
KPELY,190
URG,108279
URI,56493
DPZ,12330
URR,2
RSO.PR.B,1300
AAIT,230
KB,3408
URS,10461
AAIR,1000
WAIR,3050
KF,2825
URZ,14699
MDMN,29000
USA,57351
KO,699982
USB,894868
KR,137191
NXPI,248536
USD,713
KS,14015
USG,135198
KT,11163
ARLP,3947
KW,2796
USM,3375
WRIT,1850000
USL,752
USO,394538
DRC,12512
DRE,118899
LB,32913
USU,10569
DRD,10965
BDMS,2
UST,1369
DRI,51101
LF,45057
LG,2122
DRH,39346
LH,33436
DRL,607
LL,11461
LM,63352
DRN,15810
DRQ,3382
LO,66025
GLADP,380
DRR,300
UTF,20417
DRU,775
DRW,512
EMXX,49307
KIM.PR.H,607
UTG,4225
DRV,7670
UTI,207
VOIS,116457
UTL,414
KIM.PR.K,447
HWCC,1096
KIM.PR.I,956
NGRC,4900
NXST,23946
UBS.PR.D,89
KIM.PR.J,300
ARMK,14722
PMXO,1000
ARMH,138873
MA,83470
ARMF,3265
MD,13700
UTX,213134
MG,415
NXTH,100000
DSI,1996
DSL,13363
HFBC,400
NXTD,103
DSM,30378
MM,68421
MN,414
MO,235057
DST,11170
DSS,13570
MR,63086
HWAY,22847
MS,592334
DSU,68507
MT,433583
MU,2126345
DSX,51411
AAMC,384
DSW,24723
MW,4990
MX,12347
LAKE,400
TIBX,101618
MY,69699
UUP,39348
TICC,8243
DTE,57597
DTD,3296
NC,107
DTF,6077
NE,90389
DTH,660
NG,243365
MDNT,333300
ARNA,166773
HWBK,142
DTK,716
WRLD,761
NI,48567
NJ,703
NL,2675
DTO,39118
NM,120433
DTN,5962
GTAT,355045
NP,3499
NQ,352565
NR,10667
DTT,2287
NS,9231
UVE,75358
DTV,204517
AROW,1467
UVG,2
NU,56100
LAND,1080
LANC,1458
NX,6035
DTZ,3000
NY,4
DUA,412
BURL,1596
MUSA,8460
UVT,226
DUC,1342
OB,2045
OC,29682
UVV,5830
DUG,1754
VOLC,17033
OI,42364
DUK,128896
UWC,215
AAON,2317
AAOI,705
NXTM,11221
UWM,45781
BKKLY,220
GTAA,1619
UWN,2201
DVA,354451
ULGX,1000
PB,10037
ARPI,31980
PF,22386
PG,353464
PH,31752
LAMR,10352
DVM,3408
BUSE,960
PL,14715
DVN,75699
WLCDF,100
PM,157887
KOLD,1138
DVR,19090
PQ,11051
AAPL,914939
NGVC,1859
PT,27313
DVY,94355
UXJ,1300
AAPH,29000
RCAP,601
BDSI,21012
UXI,3376
PX,50450
DWA,18770
ARQL,10386
SFEG,18000
SWFT,114762
MDSO,22579
VONE,3114
VONG,423
CUBE.PR.A,1384
DWM,3306
PEYUF,200
UYG,4217
DWX,20801
ARRY,77753
UYM,5020
VOLT,15974
GCAP,3541
DIISY,113
ARRS,67439
STBFY,132
DXB,1031
DXD,132532
RE,10720
KONA,1096
RF,386786
SWET,1000
RH,13344
DXJ,562260
DXM,954
MDRX,38368
RL,19826
RM,529
GCBC,36
UZA,376
KONG,13137
RP,2799
KOPN,2104
RS,8558
RT,7809
RTEC,2044
RY,25266
VOOV,1500
LARK,30
SA,15110
SB,40473
SD,828921
CWYCF,110
SE,65408
SF,12476
SH,73828
SI,32889
DYN,2328
SM,94401
SN,6332
SO,190175
ARSD,82
SP,817
SR,9
ST,17417
SU,123465
KOOL,5654
IIIN,1672
AASL,200
VONV,1574
ARTW,200
ARTX,72583
XDSL,2405996
TA,19597
TC,50658
TD,32814
TE,91659
ARTR,50000
TG,648
DZK,4808
UBSFY,1601
TI,5539
NUSMF,3400
TK,2270
SWHC,77058
VOOG,7301
TM,7185
ITMSF,26500
ARTH,7322
IIJI,400
ARTC,1488
TR,1911
TS,15725
TU,6422
TV,25317
TW,29087
LATF,6350200
KORU,635
TX,390
DZZ,56362
TY,1427
KORS,127788
TILE,17888
UA,27727
LATM,522
KORZ,85
HWKN,712
UG,651
ARUN,66371
GTHP,3050
UL,103986
ENBP,200
UN,104675
TILT,2221
ICLDW,27234
GCEI,50000
SWIR,87612
MDVN,29522
VB,75835
VC,36400
VE,10070
VG,31569
WASH,1063
CIOXY,292
IILG,4032
VO,31583
VR,74127
VT,42371
USCRW,28
VV,17096
MDYG,3542
TZOO,996
VZ,382398
PNCH,221439
WD,555
WF,210
AAVG,1000000
MDYV,1316
WG,2639
WH,402
ARWR,31194
DKAM,40000
ENDO,88450
ENDP,768225
WM,42222
RTIX,1485
WR,65788
WU,123498
WX,21101
MDXG,42334
WY,107073
SWKH,40
SWKS,230926
WACLY,46
GTIM,614
QQEW,12506
XL,40340
GTIP,22
VAC,6766
GTIV,12679
VAL,14384
SFLY,8178
VAR,21539
SFMI,69666
AAXJ,89471
VAW,8099
BNCIF,565
GTLS,21206
ENFR,400
TIPZ,322
VBF,2626
VBK,44412
AAWW,3460
ULST,5640
YY,115683
CYBK,50000
WAVX,2425
EAC,1091
WPPGY,3615
EAB,684
VBR,57420
TINY,10100
ZA,620
EAE,238
EAD,47210
ZF,4251
LAWS,1200
ZN,6182
RCII,10953
VCF,305
EAT,33436
ZU,7796
CYAN,1000
VCI,50168
ZX,3750
VCO,15
VCR,46977
EBF,2558
VCV,22850
CYCC,10765
NYCB,56873
SFOR,2070300
VOXX,9313
CYBX,4514
ULUR,1840
HZUVF,480
EBR,116815
VDC,29286
VDE,35021
EBS,25832
AUNFF,25750
ECA,124706
ULTA,821951
ENGA,360
CYNAF,28480
HUWHY,109
ECF,152
LAYN,2469
ULTI,9922
ECH,6849
PNFP,3591
RCKE,133510
RCKB,408
SFNC,1791
ECL,30590
ULTR,820
VEA,472640
ECT,3545
WAYN,600
CWGYF,4000
RCKY,2110
RBS.PR.L,232
RBS.PR.I,302
EDD,23563
VET,442
RBS.PR.P,750
EDC,589762
EDF,9057
RBS.PR.N,2357
VEU,180401
EDE,11641
RBS.PR.M,6404
TITN,14311
CHCR,12500
PNC.WS,3092
EDI,2714
RBS.PR.H,2468
RBS.PR.G,1866
EDN,4710
CHCO,961
RBS.PR.F,2
RBS.PR.E,1770
EDR,21626
VFC,156818
DKGR,1000
EDT,1300
CHCI,3300
EDS,2624
EDV,1524
EDU,33312
RBS.PR.T,6966
VFH,35607
RBS.PR.S,1330
EDZ,49855
RBS.PR.R,5
RBS.PR.Q,3055
VFL,1
SWSH,5123
EEA,501
EEB,3106
TISA,22894
CHDX,899
BEAV,329990
EEI,1725
BEAT,12634
VOYA,21978
SFPI,4000
EEM,9208149
TISI,1264
EEQ,8749
BEAM,28208
ENIP,51281
CHDN,586
EEP,23067
EES,4524
EET,1552
EEV,28962
VGI,2835
VGK,407196
SWRI,2000
VGM,21352
RCMT,4430
SWRF,20000
VGR,13155
EFA,1369024
VGT,39801
EFC,3442
EFF,53
EFG,26294
VGZ,33300
TIVO,109664
CHEV,2
EPGRQ,1500
OSGIQ,2264
EFM,110
EFO,2070
VHC,2522
EFR,21119
EFT,20823
SFST,600
RCPT,2146
EFV,32976
EFU,200
VHI,4436
EFX,1979
EFZ,180
CHEF,1050
BEBE,7112
KHOLY,522
CPTCQ,4001
SKHSY,242
VHT,25718
EGF,200
EGI,339
GLAXF,30
EGL,1634
ASBB,600
EGO,363687
EGN,18692
ASBC,25220
ANIMF,100
MEAS,2579
EGP,4592
VIA,1466
CHLKF,55
USCXW,28
BECN,5367
IIVI,8203
CHFN,381
EGT,200
VIG,153305
EGY,16198
RCON,2000
VIP,46422
CHFC,5818
SFRX,130500
VIS,32121
VIV,125694
EBR.B,14225
LSCC,7436
MEDL,1263
ABAX,4257
EHI,14929
TIXC,20
LSCG,20
WSBF,31
GAPWP,2
ABAT,8016
SFUN,32381
LBAS,1500
ASCC,13090
OIBR.C,1964
CHGS,1286
PEB.PR.B,203
QQQE,766
QQQC,1024
WSCE,1491774
DGEAF,473
CHGG,11867
WBAI,63328
EIA,2137
ENOC,23104
ENMD,9994
EIG,1820
CHC.WS,11500
EIM,21430
GTSO,50
EIO,165
ABBV,551646
NPSNY,23
LSBI,44
EIP,933
BEES,100
EIS,350
SWVI,35259
MEDA,500
EIV,4365
WSFSL,300
LSBK,200
VKI,21394
WSBC,5167
EIX,73220
LBAI,948
VKQ,2732
BNEFF,712
NCMGY,1954
ENPH,8474
ASEI,621
CHIX,46265
ASEA,2950
CHIQ,15747
ABCO,4539
EFLVF,1000
VLO,244208
ARFXF,12000
VLP,8215
ABCD,2000
ABCE,100
ABCB,303
VLU,2
CHIE,400
WBCO,722
VLT,3763
CHKE,40
PNNT,91338
QQQX,17200
VLY,51543
MEET,9829
HFWA,1623
ASFI,729
VMC,22623
MJGCF,6000
CYLC,97743
VMI,6923
VMM,1637
VMO,8301
ELB,1
ELA,1888
ELD,15862
WSFS,770
VMW,119866
ELJ,2025
CHLC,70
XVIX,400
ASGN,10057
KFN.PR,100
PNRA,5294
ELP,52316
ENRT,30000
ABEV,262051
TSYHY,52
ELS,34250
ELX,7472
NYMX,3200
CHKR,11901
ELY,21868
VNM,10477
CHKP,182806
SDSDF,1550
PNRG,8
NYMT,32545
VNO,27339
WSGI,28600
NHLD,3500
VNQ,709815
EMC,523450
ASFX,1652
VNR,23335
MEIP,1702
EMB,67891
EME,5257
ENSG,4042
EMD,8956
EMF,23230
MEIL,800
CHMG,612
CCOZY,273
ABGB,41
ASHR,25617
EMJ,1213
EML,400
SFXE,19092
EMO,10998
EMN,54796
NYLD,6825
CYNO,1067
VOD,466201
FCNCB,50
EMR,90140
VOC,3334
VOE,13370
CYNI,34488
ABFS,8438
PNQI,7689
EMZ,980
FCNCA,705
VOO,124920
MVIS,9102
ENB,45014
CHLN,40
VOT,9723
END,2643
WFC.PR.R,35200
ENH,8079
VOX,14223
ENG,1475
GTXI,13982
VPCOD,4405
IWDMD,3074
WFC.PR.N,6200
WFC.PR.O,1102
ENI,78791
ENL,1368
WFC.PR.P,2538
CYOU,4712
WFC.PR.Q,6148
ABHD,24951
WFC.PR.J,5326
WFC.PR.L,132
ENTR,15687
CHNA,100
ENR,12323
ENT,7034
ENS,8819
VPG,1083
ENV,3765
ENX,3226
VPER,1831101
ENZ,1105
ENY,718
VPFG,2221
VPL,71682
CHMT,34691
ASIA,10520
KUBTY,1124
CHMP,500
EOC,1240
PNTR,6777
VPU,14481
EOD,78946
EOG,78471
VPV,13408
EOI,17823
CHMI,1300
JMBA,3096
CYPW,124800
ENSL,200
UMAM,2250
CHOC,264
EOS,12460
UMAX,1000
EOT,4581
ENSV,2227
WSGP,2600
EOX,2794
ABR.PR.A,100
NYNY,1520
CHNR,12769
EPB,8665
ENTA,4854
EPD,82347
VQT,2245
SAN.PR.E,1408
UMBF,2428
SAN.PR.C,384
ENTG,8147
EPI,369222
EPL,13672
EPM,102
EPP,20507
VRA,16607
YHOO,676220
EPR,7127
LBIX,10000
BF.B,11038
BF.A,650
MVNR,1455
EPS,460
EPV,13050
EPU,4319
OKSB,681
VRS,185
VPHM,39044
CHOP,200
ABIO,11972
DNZOY,105
VRX,820780
ORSUF,23000
MEMP,64441
EQM,22793
EQL,619
VSB,127
EQS,14
EQR,78714
EQU,40628
EQT,37502
MELA,63711
VSH,9711
SHNZY,107
EQY,76593
LTS.PR.A,1
VSI,8810
MELI,19886
VSR,700
ERB,131981
ERA,2684
VSS,11367
ERC,39713
DKSC,10000
ERF,27934
QQXT,1621
ERH,4300
ENVI,16975
ERJ,40273
UMDD,4450
MYBUF,85
VTA,46298
ERS,44
VTG,9307
ERX,23365
VTI,382928
ERY,39947
ASML,55396
ASMI,1545
VTN,8151
MSADY,2570
ESC,21499
MEOH,12325
PCRFY,1965
VTR,94667
ESE,1658
ESD,13211
VTV,46913
ESI,9223
LFRGY,15
ESL,2921
ESS,43249
CYTX,37585
ESR,4899
ABMD,8646
PALAF,6382
MENB,300
VUG,59634
ESV,62253
CYTR,358900
VPIG,1000
ETB,9443
CYTK,2898
CHRW,76992
PALAY,2306
ETF,41
ETE,19930
ETH,2231
NKG.PR.D,625
ETG,11994
NKG.PR.E,6
MENT,28145
ETJ,25750
ASNA,284602
ETN,227741
ETM,567
CHRM,200
ETP,59329
ETO,6423
VVC,8570
ETR,79723
ETV,26020
ENZY,1882
VVI,160
ETX,2505
BRE.PR.D,1
ETW,25855
WBMD,3750
ETY,43939
NHTB,2000
NHTC,2425
LBND,75
VPLM,58240
VVR,81259
EUM,280326
CHSP,5954
EUO,108677
CHSO,250
ENTCF,31430
ASPW,55
ASPS,4900
SBMFF,200
VWO,2176463
BVSN,4850
LBMH,14800
EVC,38670
EVF,14021
SXCP,1498
PEGFF,2231
EVG,5724
EVJ,2003
ARWJF,1000
EVI,225
ENZL,552
EVK,200
CHTR,293997
EVN,4421
ENZN,72792
EVM,3019
SGBI,1075
CHTP,287536
EVO,3100
EVR,2575
EVT,19113
CEDTD,30
EVV,30468
VXF,34057
EVY,1183
EWA,264831
EWC,33577
EWD,40758
EWG,354547
BERY,5903
CHUY,3537
EWI,36016
BERX,1025
EWH,113744
VXX,901440
FRAK,3192
FRAN,13825
EWK,101283
EWJ,1078650
VXZ,6748
EWM,126853
SGEN,34304
EWL,70154
EWO,2990
EWN,28306
EWQ,33502
EWP,48968
EWS,78741
EWU,118754
EWT,313697
EWW,187823
EWV,19874
EWY,315970
EWX,2815
TIKRF,33
ASRV,346
EWZ,1007413
VYM,69921
EXA,252
EXD,15878
EXC,246001
EXE,200
NHUR,1
EXH,8681
EXG,77176
EXI,2217
EXL,3886
EXK,186562
BEST,50
EXP,15365
MERR,10000
SGDH,21000
EXR,22875
MERU,9315
EXT,1107
MYTAY,821
CHXF,602
SBMRY,714
FRCN,250832
LSTG,7295
ATLKY,106
GDEF,200
CHYR,1272
PEGRF,200
PMOIY,28
AKRRF,250
EZA,8842
METR,606
FRBK,1000
EZJ,490
ASTM,1378
ASTI,381661
EZM,6999
RDCM,14181
WLBPZ,400
CHXX,481
DOLHF,10000
ASTE,1395
ASTC,11192
EZU,134032
EZY,6
ABTL,8623
FRED,10081
FREE,746744
VPRT,5674
BCDRF,300
JMPB,175
GDGI,101400
WSTC,801
FABK,4610
LSTS,2600
LSTR,3379
WSTG,4240
QABA,5448
UMNG,1015000
LBSR,80439
TKRFF,2000
WSTL,20475
RDEN,1676
ROIAK,7907
MET.PR.B,3694
PEXNY,4605
MET.PR.A,1736
FRGI,5227
RDHL,2304
PODD,9274
QADA,3564
GUID,3819
QADB,400
ABWG,5014
WAC,22811
FRFS,52000
KPTI,12626
WAB,11682
WAG,198295
UMPQ,22653
OLBK,800
WAL,6241
GULF,1729
WAT,11264
SGMA,700
SGMO,68472
ASYS,963
WBC,3264
SGMS,3904
WBK,12468
FAB,3974
FAD,2
FAC,914
WBS,14444
FAF,27616
SGLB,179062
FAN,12694
FAM,9194
WCC,4652
FAS,122630
RDIV,200
DLBS,500
FAV,2000
WCG,7132
QRHC,1000
NECAE,1115000
JBAXY,13400
FAX,51211
GKNLY,1102
FAZ,306709
WCN,6215
FBC,3360
ZLCS,8654
FBG,2084
SGOC,990
POGS,500
GUNR,1342
FBP,9098
WDC,98058
FBR,35915
SGOL,6948
FBT,9271
OLED,74408
HGPI,10
MOG.A,2267
FBZ,6
WBXU,1500
WDR,17856
FCA,201
STRNY,600
FCF,9559
FCH,34209
FCG,25937
FCN,5074
WEA,1463
FCO,2280
WEC,61218
FCT,3254
FCS,17686
FCX,588084
SGNT,4047
HOCPY,23
WEN,3692132
FRMC,162803
RGARF,1000
WES,8882
DLGC,3500
FRME,1606
NICK,1181
FDD,9448
FDI,939
WEX,1016
FDM,1238
CICN,5
FDL,17084
FDO,44667
FDN,162655
FALC,810
FDP,2511
CICI,6000
FDS,21147
WFD,426
WFC,1058030
FDT,2442
KWIPF,500
FDX,182504
RDNT,2400
WFM,84265
WFT,107528
DBEXF,30
CZFC,600
FEI,7484
FEN,5336
BFAM,2018
FEM,4841
FEP,13690
WGA,100
CIDM,4300
FEO,1740
FET,4337
FES,3733
FEU,17269
FEX,4460
NICE,9620
FEZ,140276
WGL,6422
WGO,10642
MWAR,62
FFA,10220
GURE,41882
DLIA,11085
WGP,2720
FFC,11429
FFG,1144
ROICW,4938
SGLFF,1
CIEN,90943
GURU,66930
FFR,96
FANG,6131
WHF,97
WHG,314
OLIE,110461
SCPZF,900
FGB,1668
WHR,23789
BWEN,18097
FGD,8454
GDOT,45184
FRC.PR.E,982
DLHC,50
XIDEQ,19898
CTZ.PR.A,200
DASTY,2193
WHX,13337
FRNK,47
WHZ,14328
FGL,6052
FGM,516
WIA,7810
FGP,9861
WFREF,500
ATAX,5702
HGSH,82850
DASTF,450
ROICU,97
ATAR,3400
CIFC,29
FRC.PR.D,1
FRC.PR.C,337
WIN,321531
FRC.PR.B,6546
FRC.PR.A,1734
WIP,16192
WIT,8357
BYDDF,1023
WIW,8645
XWES,555
RUSS,375
ATCH,4000
WIX,21975
ACAS,78360
ACAT,8537
FHN,29134
LCAV,244
AAUKY,2263
RBCAA,570
RUTH,45448
URPTF,1304
NIHD,193367
FHY,1670
BFDI,2000
ACAD,38497
FIF,2498
SGTB,250
FIG,26700
FII,19022
SGTN,120
BYDDY,500
FIO,141690
FIS,43890
ABGLF,100
FIX,8209
WTBA,1582
FIW,7530
PCRTF,200
RUSL,830
LTBR,9558
EONC,310
EOPN,1384
GRDLY,20
ACCU,331
WLB,1995
FJP,537
COCBF,1000
FARE,11300
ATEC,1727
ACCO,32239
ATEA,600
POPE,215
WLH,756
ACCL,5363
FARM,1484
WLL,76189
WLK,7599
FARO,7651
WLP,95664
WLT,378571
RDSH,3000000
FKO,2152
WMC,23002
WMB,148224
ACDU,435000
FHN.PR.A,251
DLLR,122103
FKU,1875
WMK,149
POOL,8138
KDDIY,7158
FLC,2775
OSHWQ,1000
WMT,747196
WMW,1548
ACFC,1100
IHLDY,128
FLM,4
FLL,1000
QASP,998590
FLO,25483
FLN,600
FATE,40995
FLS,42750
SGYP,111194
FLR,38747
WNC,11380
ACET,66314
FLT,343885
NILE,1353
FLY,25513
STAR.PR.G,1000
WNR,71686
ATNAF,300
FMD,629
FMC,36534
SGZA,3463
WNS,598
FMF,1328
DLNG,6401
WTER,96721
FMI,1423
LFDEF,2500
FMK,2
FMN,3869
ATHM,29293
ATHN,4538
FMO,8475
ATHL,5687
FMS,6968
FMX,7819
WTFC,8183
CZNC,1751
MWIV,1784
ACFN,10084
BELLY,260
BFIN,88
CLNY.PR.A,300
FNB,18865
WOR,5947
FAST,129854
FNF,176938
FNI,535
CINF,17896
FNK,2012
SCBFF,884
ACHC,2982
POST,12072
NIMU,15000
FNP,28645
WPC,6220
FNV,52479
FNY,218
FNX,1830
CIMT,35757
BWLD,6959
WTII,1750
NINE,3400
WPP,14028
POTG,16353
ACGL,14702
WPT,303
ACGI,500
WPS,1403
FOF,4622
FOE,16792
ATHX,240512
WPX,154104
DLPH,48497
WPZ,15862
UNAM,805
LPRIQ,50000
FOR,2714
AXS.PR.C,616
AXS.PR.D,2278
POSC,30
RDWR,16311
GDXJ,121429
FOX,142466
AMIEQ,8
STL.PR.A,200
ACHN,64287
FPA,3080
LTHU,114924
FAUS,206
FPE,8074
FPF,3808
MFLX,642
FPO,3841
WRB,3868
FPP,300
WRD,1241
WRE,25306
FPT,5048
TRYIY,10
ACIW,4122
WCIC,313
WRI,20390
FPX,20179
WRN,1688
BFLS,100
DLTA,1000
ACIM,1232
STTYF,200
WHITF,950
ATLS,15101
ATLO,737
CFR.PR.A,100
IKAN,9700
WSH,24735
WSM,210563
WSO,3161
FRA,15456
ATLC,436
FRC,22475
WSR,11937
FRD,400
YINN,19389
WST,4625
FRF,4419
FRI,4
FRM,10057
FRO,213677
FRN,3886
ZLTQ,20854
FRP,10950
FRS,12
FRT,10303
ATML,221895
FRX,54767
WTI,19759
ATMI,3540
WTM,515
WTR,30126
FSD,8282
WTT,117
FSC,82521
WTS,2832
APAJF,1254
WTW,52911
FSI,100
FSL,19158
LTNC,53557
SYBT,1835
ATNY,1522
YIPI,2500
FSM,14540
FSP,9807
CISG,13580
FST,99352
DLTR,659595
FSS,10512
BELFB,967
SYAI,5333
MFNC,60
FSZ,244
ATNM,245
ATNI,654
POWL,444
FTA,3024
POWI,7551
FTC,2240
FTD,1617
ACLS,70214
BFOR,7410
FTF,12348
POWT,1000
FTI,26550
UNFI,10149
FTK,20444
POWR,1326
ACNI,570
FTR,12444261
FTT,2223
LCNB,535
ATOS,15225
FTY,1202
FUD,420
POZN,63359
ACMP,3801
HYEM,6174
FUL,1494
UMH.PR.A,100
FUN,16229
SSAAY,20
FUR,2187
WWE,16228
WWD,9761
FVE,11613
FVD,12172
WWW,65540
FVI,150
SHBI,4500
FVL,1860
DLYT,12250
MFSF,600
CZWI,600
LTRE,200
SHEN,3681
ACOR,6731
SNV.PR.C,561
FWM,16735
MFST,4900
HYGS,6779
RVBD,47848
HEINY,3800
IKGH,2500
COSWF,1475
UNIS,21880
FWV,4
SPHRY,14
JGCCY,1528
ATRS,232612
WYN,166122
ATRO,2013
FXA,5276
MFRM,11682
ATRM,601
FXC,3110
SYEV,20698
LTPZ,262
FXB,2434
FXE,23099
FXD,4308
REAC,2200100
MFRI,30474
ATRI,86
FXG,8201
FXF,5344
FXI,1234216
WYY,39438
ACPW,8390
FXH,16902
ATRC,1513
FXL,18420
FXO,8012
FXN,1542
FXP,34227
FXS,20
FXR,10332
VLKPY,1848
FXU,33889
FSBW,750
FXY,34976
FXZ,1757
ACRE,2155
DRETF,2067
EYUBY,100
REDG,45350
FYC,1132
REDF,2000
HYII,3928879
LTTC,10000
ATSG,2094
CVXHF,1000
QBAK,40
WTSL,34479
FYT,3187
FYX,2022
APAGF,339
MFTH,1000000
ATTU,55698
ACRX,46412
FSBK,160
RECN,26269
JNMB,2
GEFI,600
EPAX,4209
EPAY,3690
LTUM,2100
LGL.WS,2500
RVGD,47
ACTG,5919
NZTCY,24054
ACTC,1000649
USB.PR.H,1925
REFG,7502
REFR,35441
USB.PR.N,1820
SHIP,300
USB.PR.O,201
USB.PR.M,569
ACUR,17168
REED,11357
EPAM,3039
ATVI,369527
GLCNF,600
ACTS,812
NEWEN,353
HYMB,1658
WCUI,10700
FSGI,309
RNR.PR.C,52
LTXC,9318
RNR.PR.E,400
OMAB,1913
SYMC,252984
UNQT,900000
PPBI,68
JNPR,201328
SYKE,1911
ACWI,89942
AKBTY,7857
HYLD,14074
PPBV,31000
BRRAY,190
REGI,15986
LCUT,1610
FSFR,108
SYLD,14511
XAA,1
HYLS,650
TKMR,995
REGN,35932
SYNM,10762
ZFSVF,52
SYNL,1226
FSNMQ,1
XAR,2848
ACXM,13415
SYNT,2282
SHMN,25000
BMSPF,10000
NBG.PR.A,1301
ACWX,6242
XBI,13966
SSREY,400
ACWV,3351
VNRAP,400
GAB,67443
VGMNF,561
DDMGQ,641
SHLD,769809
GAF,570
GAI,202
SHLM,8278
MMTIF,30243
GAM,2592
GAL,452
ACYD,642635
SYMX,13200
GAS,18882
SZEVY,202
REIS,1526
SYNC,7560
SYNA,125157
SHLO,6286
GAZ,5260
XCO,70554
EPHE,35829
GBF,255
FBIZ,1600
SYPR,5000
GBL,931
SHOO,10821
RELL,546
GREEF,85090
GBR,775
OMED,3815
RELV,604
GBX,11960
SHOR,96612
SHOS,2076
OMCL,11388
ECTYQ,409
BMBLY,1
QSII,7358
GCA,20961
GCC,3552
FBHS,33921
RVLT,73867
GCI,54517
OMCM,30000
GCH,814
UNTD,3029
EPGL,20000
GCO,10417
JNUG,29160
CSNVY,1
UNTK,50
XEC,45137
GCV,1499
XEL,76640
GENT,29152
XES,8041
GDF,4056
RENG,2000
EANRF,6000
GDL,2372
GDP,65080
HYSR,461884
GDO,4688
RENN,50673
GDV,4599
GDX,3132326
PPJE,286000
RENT,302
PPHM,79083
GEB,3479
GEMS,34
GEF,2001
SHPG,22568
GEH,575
GEK,6521
OMER,5859
GEL,5456
GEO,31209
SHPR,1267
FSLR,243918
GENC,1000
GEQ,3517
EPIQ,770
GENE,1720
GES,25014
OMEX,37311
REMX,1148
REMY,75
GEX,936
SYRG,1656
SPIHF,200
NJCB,800
FBMS,505
GFA,120985
GFF,9652
CJES,8394
GFI,327076
GFN,800
FBNC,606
XHB,220203
XHE,841
CHSP.PR.A,394
FBNK,2899
GFY,448
MGCD,200
MGAM,12844
XHS,360
GEOS,1948
GGB,280852
GGE,2187
GGG,6595
UNXL,162704
PRE.PR.D,608
PRE.PR.F,379
TCO.PR.J,1093
SHASF,2500
GGM,121
FSNN,5000
BGCP,27935
PRE.PR.E,1870
TCO.PR.K,712
GGN,53528
GGP,162117
GGS,17499
HHSE,9500
GGT,12378
FBMI,800
BGCA,336
XIN,22900
PPMT,2500
GHC,584
XIV,365329
FSNUY,27
ADAT,8063
GHI,14015
GHL,3171
GHM,178
WDAS,172200
GHY,8682
MGEE,1456
GIB,31044
SYUT,18946
TETAA,88
GIG,13790
GII,928
GIM,127231
FSPM,28609
GIL,7501
PPLT,7255
AUDC,23290
WBS.PR.E,317
GIS,106072
RVSB,54
WUBA,25275
SHALF,2500
GERJ,18
ADBE,436254
GERN,130726
DNIYY,160
GERS,30970
BCEKF,1000
VTSYF,400
HHWW,29
BGFV,3195
FBRC,1739
RETL,1078
XLB,497999
XLE,455383
GJT,2900
XLG,2255
XLF,1015910
XLI,474874
XLK,390323
ARH.PR.C,1236
FSTA,13347
XLP,423691
XLS,30291
DMND,12291
XLU,605805
XLV,1748329
XLY,262416
GMXAY,100
EPOL,5909
GKM,202
DMLP,1169
WDAY,123653
EPOR,5600
RESI,6658
ORFLY,100
FSRV,2295
GETG,1000
ISMAY,51
XME,61916
CJJD,5400
GLD,461168
GLF,1309
VABB,207
GLL,10016
EPRO,132
XXII,13459
GLP,388
REVO,217857
GLO,10764
GLQ,2326
GLT,4851
ADES,1820
KABX,1073750
GULTU,2150
GLV,2546
ADEP,52402
MGIC,2430
GLW,285859
TRC.WS,7
GME,386420
GMF,1587
FPTOF,20000
GMK,1169
AAGIY,688
WDDD,2010
GMM,293
GML,822
GEVA,1553
GMO,42450
FSTR,659
CYRBY,4377
MXIM,130214
ADFS,800
GMT,4039
XXIA,22648
GMZ,12100
GEVO,53268
XON,14290
XOM,525744
XOP,273739
FBSS,398
GNC,23419
GNE,3360
ADHD,24001
REXI,2557
GNI,4553
GNK,98581
KADR,20000
GNR,3682
REXR,334
GNT,17862
GNW,169200
XPH,5252
DVSPF,200
TPRFF,200
REXX,13378
KRFT,138110
XPO,32382
XPP,5651
DMRC,1378
GOF,992
DRGDF,5782
WDFC,3081
DMPI,2100
BXMT,20314
GOM,533
GOL,104171
KRED,46175
GOV,11489
SALDF,3525
PPSI,200
JOBS,2419
GPC,14058
MTB.PR.A,100
CPXGF,1
GPI,2505
WTKWY,264
GPL,140818
BGMD,70868
GPK,164224
GPN,21831
GPM,11211
FSYS,11719
XRA,15626
GPT,11137
GPS,1908765
GPX,1536
JOES,10000
XRM,4793
JOEZ,36865
XRS,15882
XRT,219621
XRX,392122
RPAI.PR.A,1
XSD,2340
NORSB,700
GRA,112545
MGLN,4940
GRC,677
XSW,1330
DMSI,10000
GRI,1406
MGNX,1261
GRO,340
GRR,930
GRT,22856
GRU,600
AUMN,24104
GRX,530
XTN,845
GSC,400
GSB,700
GSE,2830
GSG,72978
BGNN,101
GSF,5311
GSI,1210
SIAF,63162
GSH,2331
MGON,70000
GSK,131035
LUNA,7430
GSJ,3104
GSM,5207
GSL,737
ADMD,5000
GSP,400
GSS,212095
GST,99927
XUE,14643
CDUAF,100
GSV,3201
GSY,478
OMTK,4450
LULU,140761
ADLS,1
GTE,23491
GTI,19358
GTN,44860
GTT,503
ADNC,3956
GTS,716
GTU,5417
GTY,477
QPTFF,1000
GUA,45
ADMP,6959
MXSG,63000
AUNZ,36
HIBB,1700
ILED,10000
KYN.PR.F,1000
KYN.PR.G,6
GUR,3227
GUT,1903
SIAL,43083
KYN.PR.E,216
YAHOY,75
SIBC,200
GVA,5618
MGPI,156
GVI,8186
EPZM,8745
GVP,500
GVT,1122
CRMBW,2000
VALE,2373358
KRNY,59
KAMN,895
RHWKF,10000
VALU,39
VRNG,70712
GWL,2261
GWBU,200
GWR,16744
GWW,8088
GWX,29680
XYL,39407
MILL.PR.C,1400
MGRC,2927
GXC,13844
VRML,1580
GXF,5345
GXG,700
TLGN,74
KALU,2077
GXP,50404
LDOS,26975
ADRE,6863
FEEDQ,965
FCAN,2659
ADRD,1219
ADRA,2
FCAP,30
LDRH,10995
XGTI,1539
SIFY,2900
SIGA,3152
AUSE,58
SIGM,14295
FCBC,2377
SIGI,1411
JONE,3222
FTCS,1618
GFED,400
REMYF,200
ADSK,222577
HEI.A,1956
VRNT,18253
HIFS,368
ADRU,2620
SIFI,601
GZT,400
ADTM,5500
ADTN,6031
VAPR,26825
HIIQ,1141
FCCN,1500
FCCO,600
HIIT,32100
FTEC,17313
FCCY,200
FTEK,42921
QCCO,1000
TLLP,4126
LUVE,14038
IOPDQ,500
MXWL,17405
HIHO,270
IPSEY,4179
LDSI,100
IVR.PR.A,1731
HDELY,34
VRTC,2300
FCEL,425855
ILNS,25000
FTGC,400
SLG.PR.I,5600
MCEEF,45
ADVC,440
VRTS,1220
VASC,7618
VRTU,3935
MGYR,700
GFIG,1018
ADUS,6510
KRSL,300
TTNDY,27
ILMN,37050
QTEC,1489
NEVDF,3937
WDTI,2104
LUVU,500
AUXO,600
AUXL,39876
GWIO,5025
VRSK,25907
ADVS,13900
VRSN,124121
ADXS,6337
GASNY,30
YAO,777
HIMR,8060600
HIMX,953949
SIMG,13366
SIMO,4638
FCHI,800
HILL,19674
DNAX,570724
AVCVF,1000
HILO,3850
VRTX,49204
FCFS,1836
SILC,4375
HAE,24024
VASO,4000
RFIL,4382
HAL,225703
TOOTQ,1000
HZNP,184683
JOSB,13109
HAP,946
TLOG,24349
HAO,5237
HAR,17140
KATX,194
OCZTQ,378008
FCGD,35
HAS,651023
HAV,4521
YCL,530
JOUT,301
YCS,23979
NLY.PR.C,184
NLY.PR.D,1061
NLY.PR.A,2983
HBI,21256
WRB.PR.B,537
HBM,1100
AESAY,17188
HBP,1207
GFMH,10000
GDP.PR.D,520
HCA,107191
FCHS,1400
HCC,10608
ONCS,330026
HCJ,100
HPHTF,100
HCI,5116
SINA,96417
ONCY,12600
HCN,110206
DNDN,259362
HCP,78247
DNDT,5307
HDB,21575
GWPH,14635
HDG,22
TLTE,250
TLTD,765
TKTDY,2
HDS,78107
FCLF,400
GMETP,8
HDV,16072
HDY,24
HIPP,8500
ONEK,54
SBOTF,25430
HEB,93164
ONEF,32
RFMD,149544
HEI,5274
ONEQ,8535
HEP,4820
ILTB,156
RFMK,3519512
HEQ,2311
PBR.A,2330581
HPT.PR.D,1992
YGE,798245
HES,100678
ONFC,600
EQIX,35831
BYBK,600
FCMP,2289
GWRE,9133
HFC,95825
FORTY,660
TRNO.PR.A,240
PCCWY,20
CKEC,4140
HITK,841
IAXFF,1850
ZNGA,518279
AVBH,400
HGH,218
MYCC,11532
HGG,4537
GFOX,3200
SIRI,2428629
HGI,1020
SIRG,50000
QCLN,3710
HGR,1320
AVAV,17726
HGT,27147
FTNT,194081
SIRO,15531
HHC,6278
BYFC,200
LEAP,38329
DNKN,143095
CEFLF,2250
QCOR,85485
HHS,2347
FCPG,7870
QCOM,3007842
GRH.PR.C,26
HHY,3551
MYFT,1000000
HITT,1061
HIH,576
HIG,118411
HII,14082
HIL,1154
HIO,16135
SITS,40000
HIX,26602
HIW,23966
SITO,2000
FCOM,3639
LEAF,18649
AVEO,22412
FTSL,559
LECO,11317
HJN,2
VLKAY,4385
MHGC,2943
EHTEQ,210
HJV,300
VSAT,1971
SZYM,111694
ENDTF,4500
SIVB,10180
WEAT,56
SIVR,26109
TLYS,11767
MYGN,152356
AVEW,773285
MHFI,90456
DGWIY,625
HLF,69946
AVGO,88919
VSCI,4246
HLS,7696
HLT,45314
NDBKY,102
HLX,6708
ITOCY,26
HMA,149359
HMC,8713
HME,15487
VSBN,1
HMH,3554
HMG,611
VLKAF,10
FLIDY,113
AVHI,1043
HMN,10869
FTTN,2000
LEDS,4000
QCRH,1700
FCSC,5347
HMY,273073
ONNN,862616
PRPCF,20000
HNI,2988
HNH,140
BASFY,3645
FCVA,1200
AEGY,12869499
HNP,1321
KLNDF,4190
HNR,27355
AVID,6759
YPF,25777
HNT,11118
HNW,1951
AEGR,38890
AEGN,6484
HOG,39794
FCTY,700
BHLB,542
HON,75644
SIZE,3
CMO.PR.E,3000
HOT,33869
HOS,5589
GXYEY,45
HOV,307096
AEHR,900
VSEC,1668
GXYEF,4944
AVIV,1173
HPF,2975
HPI,10083
VBFC,600
MYNG,200
HPJ,6200
FBNIQ,11199
HPQ,779008
HPP,2516
HPS,5483
HPT,26806
AEIS,18375
HPY,4442
JPEX,4147
ONSM,50
HQH,8565
HQL,3927
QTWW,65759
QTXB,2500
MHLD,13602
HRC,21319
IMAX,3696
HRB,87607
HRG,4365
ONTY,13470
IMDC,500
HRL,27817
FCZA,527
ARE.PR.E,1
ONTX,9061
HRS,13031
HRT,2833
DRE.PR.L,2554
DRE.PR.K,1200
DRE.PR.J,2252
HSA,29011
HSC,2840
HSH,12106
KBIO,25421
AVNW,8588
HSP,28819
AEMD,55340
AVNR,73971
HST,201291
IMCI,300
MHNA,3458
MHNB,917
HSY,30108
YUM,101230
PPS.PR.A,200
LVLT,19951
HTA,25360
MHNC,4264
MTZPY,186
HTD,13100
HTF,400
CLLZF,500
HTH,18938
HTM,7300
MYRG,3352
HTS,47693
HTR,11375
HTY,1641
NVZMY,41
HTZ,797090
CKSW,6000
BYRG,155000
MYRX,125
ATPAQ,8250
MYRY,300000
NKTR,20264
HUN,140594
HUM,74885
LEMB,1437
AETUF,700
HVB,346
NKSH,611
ONVI,100
REPYY,541
ONVO,573479
AEPI,1458
HVT,982
CALVF,2
TMHC,14471
FIATY,181472
MRH.PR.A,143
UPIP,287045
NWLTF,600
IMGN,33687
GGAL,11773
KBLB,22377
ARZTY,28
YYY,4760
HXM,8562
HXL,37118
YTBLQ,10
YZC,60867
AERI,2306
ISNPY,1590
AERG,7000
HYB,14205
HYD,43938
LVSY,30
HYF,43970
HYG,80990
VSPC,5000
HYI,9458
FUELQ,1050
QUAD,729
HYT,32155
HYS,22948
OSKFF,2470
QUAL,40414
FUBC,3293
TBLMY,390
QUAN,8728
EPM.PR.A,10
AERT,1014
AVTC,600
MHTX,1335
HZO,624
AERO,5578
AETI,1278
PRAA,14023
WEST,118419
PRAN,21172
ERBB,19686299
AMKBY,210
UNICY,3500
FUEL,9758
WERN,14189
RGDO,10
JPNL,240
JPNS,10
MCHHF,300
RGDX,400
RGEN,47917
BHWX,1100
PCWLF,200
CICHY,974
RXII,497
PAAS,184227
PRCP,16506
QDEF,3000
SHTDF,2500
JSHLY,100
VSTI,2000
VSTM,5052
QDEL,3584
EPR.PR.F,101
GGGG,1
WETF,81099
IMMR,7721
IMMU,164197
TMMI,2500
SHCAY,7
AVXL,7345
WVVI,700
FDEF,604
IMMCQ,17000
PACW,5070
PACR,2540
PACT,14180
IMPV,3106
LEXG,34000
VLNCQ,21022
ZBB,5491
RCKHF,70
SEKEY,200
OOAG,10
PRDC,50
SOHAF,4000
IMOS,9425
IAE,11137
IAG,540198
IAF,10931
PRDL,230000
IAI,19420
IAK,4630
PACB,18842
PACD,17763
IAU,580979
VSUL,1500
IAT,12451
UPRO,195495
WEYS,647
KBWC,439
KBWB,1962
AEZS,133770
IMRS,6020
KBWD,4883
GGLR,5000
IBB,41730
FDIS,11967
IBA,1200
ERHE,9850
KBWI,3340
RGLD,68329
PRGS,13910
PRGN,23652
PRGO,62016
KBWR,2030
KBWP,1475
IBN,86615
IBM,344097
PRGX,1028
IMSC,10385
RGLS,2309
KBWY,1552
QUIK,72295
ICA,9967
ICB,268
ICE,62057
ICF,15318
ICH,300
CLBH,203
SJNK,45341
BCGYF,50395
PRFZ,18082
PRFT,21571
ICN,1800
HJOE,123341
PRIM,26915
ZEP,393
CLCT,4506
IDA,8382
IDE,13653
CLCN,200
IDG,273
IDI,1000
IMUC,55609
IDN,186
NDEKY,5
ZFC,1093
IDT,2026
NTCXF,560
IDV,52950
IDU,10591
IDX,3991
CLDX,74702
WHLKY,250
CLDT,2151
IEC,285
ERIC,251625
CLDS,285
ERIE,2349
IEF,25356
IEI,100785
CTTAY,3259
ERII,43047
IEH,441
FULL,3050
IEO,11050
PAGG,4
IEP,33449
FULT,26170
EAHC,1535
IEV,88913
IEX,4178
IEZ,12301
VSYS,3000
PAGP,22796
IFF,32627
PRKR,28337
QUNR,10336
IFN,6553
IFT,249
BZCN,453
PRLB,11072
IGA,12811
FUND,3961
IGC,10
IGE,16891
IGD,39148
OOGI,100
IGF,1796
QUMU,1201
IGI,3677
IGM,8637
TMUS,559504
AWAY,38976
BICK,1800
IGN,4356
AGIIL,2
IGS,440
IGR,19190
IGU,900
IGT,86476
FDMF,235000
CLFD,52857
IGV,7726
QUNI,2080
ELPVY,200
FDML,12690
GDOCF,16965
RGRA,7949
IHD,15660
CLGX,5511
IHC,16
ZIV,22720
IHF,5738
BIDU,1326331
IHE,3232
IHG,6122
PRMW,529
MIDU,21814
LFAP,100
IHI,97127
AFAN,1000
AFAM,1221
CLGL,216431
PALL,5119
IHS,7025
MIDZ,1600
IHY,938
GGSM,270000
FIADF,1710
RGRX,8332
LWAY,586
SSW.PR.C,101
IID,3599
SSW.PR.D,1000
OOIL,67112
IIF,3910
III,5356
IIM,9012
BIEL,1316000
UPZS,15413
MZEI,6000
MIDD,6296
VIVEF,500
GOODN,201
WWAV,32730
GOODO,2
FOSUF,3000
IJH,90388
IJJ,15210
DOMK,2000
IJK,19765
PROV,811
CLIR,9084
PROW,31000
ZLC,38346
IJR,152976
IJT,25400
IJS,33052
ZOLT,5170
AFCE,11670
AFCB,200
PRPH,2992
PANW,84274
EROC,35533
EROS,733
ZMH,83791
FURX,1141
BIGG,147122
PAMT,1144
ILB,4
ILF,59605
DYN.WS,27
DOOR,3550
ENEVY,900
ZNH,1090
VCBI,1533
FDTS,18
ICPVY,25
IMF,500
IMI,12222
KCAP,12181
IMH,1045
AFFY,4210
AFFX,23342
IMO,7708
KTCC,2721
IMN,7004
MNHVY,18
FUTU,12
AFFM,60
STI.PR.E,1118
EAPH,10300
FUTY,7290
RGUS,5000
STI.PR.A,100
TOSBF,948
INB,7832
AES.PR.C,2205
IND,3942
BIIB,68982
EAPS,4123
INF,4121
VTEQ,988
ING,65558
PARA,1100
PARD,20283
PRSS,2074
INN,26737
INP,721
PRTA,8135
GMICF,143
INO,720674
INT,3640
CLMT,19037
PMTYF,10
CLMS,4565
PARR,5000
INZ,2934
INY,282
PARS,400
IOC,22838
DD.PR.A,100
COUGF,2500
NLNK,5036
IOO,42836
CLNY,21819
IRLBF,140
CLNT,3472
ZQK,24962
PRSC,1361
EARN,317
ZOOM,36170
FDUS,23308
IPF,1100
CLNE,85692
IPE,3288
PATH,12211
IPG,69150
MILV,24515
IPI,40522
IPK,620
IPN,400
TNAV,916
IPO,1162
PATR,1440
INBK,1000
RHHBY,93505
PATK,754
INBI,4000
IPU,400
BZNE,11265
IQI,14306
BIND,4597
PRTX,100
PRTS,5422
DORM,9877
PNC.PR.Q,1729
ERUS,9804
PNC.PR.P,5095
ZSL,18464
BACHY,418
INAP,10049
MILL,10768
IRC,8651
IRF,8782
IRE,46619
IRG,1116
INDB,5038
BIOF,2440
IRL,2206
BIOD,46426
IRM,24649
MINT,6615
TAYCP,2
IRR,34164
ARKAY,15
IRT,700
SCTPF,300
IRS,1593
IRV,370
VTIP,8820
QDYN,363
INDL,9960
IRY,850
PRXL,17079
PRXI,600
INDY,4155
ZTS,149098
ZTR,1293
ISD,8895
ISG,1577
ISF,1080
ISH,5529
VITFF,1500
VTHR,77
CLSI,56000
BIPH,7331
ALIOF,160
ISM,200
ISL,13448
PRVT,2039
ISP,3830
ISS,4065
ISR,1675
IST,300
CLRX,332
MINI,16038
ELRNF,1225
INCO,300
MZOR,42638
BIOS,12130
ITB,160248
MIND,363
BIOQ,100
ITA,14190
MINE,258400
INCY,21520
CLRO,2969
ITC,6350
ITF,2486
BIOL,34634
ITE,102
IMKTA,5455
ITG,23599
ITI,300
TETHF,5000
INFA,15249
ITM,14087
ITR,6722
ITT,19442
INFI,24758
ITW,93097
INFN,76090
GTKYY,12
JASMY,15
PAYD,29700
NHPEF,576
INFY,24227
CLSN,7554
TNDQ,600
TNDM,9392
PAWS,30000
CLUB,800
VCIT,36529
IVC,7415
BPOPN,6
SKBI,4610
IVE,28118
IVH,600
NLST,360
NLSN,88466
TNGS,125
VCLK,20873
IVR,48839
TNGO,10985
TNGN,13500
IVV,277091
IVW,30529
IVZ,62467
LINTA,88164
WWPW,8770
IWC,7621
IWB,12250
BIRT,8441
IWD,39979
AFOP,19867
IWF,153402
VTNC,175465
DGICA,31
VCLT,13785
IWM,3065002
IWL,1390
IWO,103560
IWN,68060
IWP,16910
IWS,19058
IWR,45912
IWW,919
IWV,27355
IWY,374
IWX,117
BITA,81611
IWZ,1778
INGR,19911
AFPW,500000
PAYX,95433
IXC,9976
KCLI,521
AWRE,1000
CLVS,8475
IXG,2150
IXJ,2830
VTMB,4091801
BISN,6491
IXN,5770
IXP,2345
GHDC,222834
IYC,6934
IYE,12333
GHDX,3700
IYG,5559
IYF,15701
IYH,47002
CLWT,3333
IYK,6000
IYJ,23756
IYM,75671
IYR,564825
AFSI,84126
IYT,19316
IYW,14499
AFSD,2639
ININ,1727
IYY,22159
MITD,500
VTNR,1000
SYCRF,4000
IYZ,40205
INIS,20900
KTOS,75986
MITL,37813
ITPOF,1229
TNIB,200
MITK,16713
MITT,7978
TECUA,986
TECUB,805
CPICQ,1400
GBGLF,25828
VTRB,205
SUHJY,100
TNKY,25
KEYUF,100
ESBF,250
PSAU,3200
FCREY,23
ESBK,682
VRNGW,8300
INKM,531
BZYR,350
ELRFF,700
PSCE,1608
PSCD,13091
INNI,2000
PSCF,2
PSCC,1506
PSCM,1434
PSCI,1532
PSCH,6414
FEEU,1670
PSCU,174
LFVN,25859
PSCT,3121
ALIAF,31560
INOD,8017
GFSZY,100
INOC,2009
INOH,1000
PBSFF,5
ESCA,252
BIZD,6461
VCRA,22473
EBAY,526567
VTSS,6115
SIVBO,800
LFUS,873
QEDN,46500
MIXT,5794
VTSI,5000
FEEC,1092
GMXPQ,200
ENGGY,77
PSEC,184581
PBCT,83956
GYLD,1156
PSEM,4047
INOL,1
FEFN,2
WWWW,12367
VCSH,56753
ESEA,36278
PSDV,22090
JAH,32434
VTUS,2091
VCSY,8404
GMXRQ,2520
INPH,40
DVDCY,1000
KTYB,1
JBL,182804
DPSTF,36
JBT,4153
INSM,1657
CMBS,54
KNBWY,930
VTWG,5037
JCE,4991
SDXAY,368
JCI,273638
VTWV,527
JCP,957526
FEIC,6828
ESGR,936
JCS,1238
FISOF,7500
VTWO,79460
DPDW,1
INTU,166335
INTT,65
CMCO,679
JDD,7885
INTX,1561
CMCI,200
PBHG,132840
PSIX,1415
FELE,6210
GHML,40
JEC,70732
INSY,14049
INSV,10215
NMBL,58198
OPEN,17298
SKPO,550
ESIO,1389
INTC,8124720
JEQ,100
CPYYY,6759
PSID,14555
INTL,1171
FEMS,2200
JFC,400
OPHT,2668
YUEIF,1000
GYRO,233948
YUEIY,95
ESLT,5370
JFR,18162
FENG,18215
NMFC,5800
INWK,6554
VCYT,725
BRDCY,31
INUV,5153
JGG,9867
EBIX,10698
PBIB,400
INVA,463069
INVE,36000
JGT,17238
AXAS,42584
DPHS,1500
JGV,14237
OPHC,200
JGW,1611
PBIO,15225
INVN,295995
AXCG,1607272
INXX,400
ZKBGF,10
SKUL,16655
JHI,3412
PSMT,2940
JHP,2205
ESNT,4239
JHS,4584
TNXP,4604
CMGE,50140
JHX,97
JSGRY,6
AXDI,24
ETHOF,1000
HKTV,4910
PSLV,91781
FENY,11908
INXB,9700
GYST,2294714
SKTO,840000
INXN,4941
PSMI,7236
JJA,40
JJC,1794
AGCZ,752550
RVREF,10000
OPLK,2117
JJG,700
RYUN,900
ESPH,26241
PSON,4900
ESPI,50
AGCO,53177
ESPR,7411
JJP,206
LGCY,4694
JJS,200
AXDX,4693
JJT,150
CNBKA,372
AHMIQ,8550
JKD,2512
FVRD,2000
EBMT,250
JKF,4
FVRG,250
JKE,402
JKH,204
JKG,212
JKJ,1163
HMRTY,204
JKI,5218
SBRCY,211
JKL,6210
JKK,428
RSHYY,30000
EBND,17560
JKS,123476
QEPM,400
NMIH,1887
JLA,8286
AXGN,83507
PBPB,15108
SKYC,100
RBGLY,24957
JLL,5743
CMPGY,224
SKYW,14578
JLS,2305
ESRT,29901
AGEN,15807
ESRX,357969
FMER.PR.A,312
ESSA,174
OPOF,600
SKYY,5369
JMF,18638
JMI,14861
AXHE,100
JMP,1243
CMLS,81595
JMT,1958
CMLP,16525
ESVIF,20
LXFT,1620
LXFR,200
WFEMF,2500
JNK,278330
JNJ,409276
JRCC,28482
CAMBU,243
EBSB,37
AXID,2
URBN,273345
JNS,42596
PSTB,2317
JNY,70149
JABA,9000
MARPS,5910
DPSGY,1250
PSTI,40357
JOF,1810
JOE,40455
ESSI,10100
AXJL,1216
RHHVF,7
BGE.PR.B,100
YMLP,7192
ESSX,1134
JOY,318917
YMLI,200
JPC,30395
AXIT,2
JPG,4404
CMPD,4000
JPI,5430
WOPEY,375
HMRZF,1250
JPM,1167818
JACQ,7800
JPP,400
JPS,29769
JPW,1700
AGIO,4660
UACL,584
JPZ,15952
AGIN,2258
SCUEF,100
AGII,1080
UREE,1300
JQC,87739
PSTX,141294
PSTR,302
AXLL,21332
EBTC,1734
PBSK,5210
PBSV,500
OGXPY,63662
WOPEF,1340
PSUN,12804
LGIH,80
JACK,20784
JPM.PR.A,4537
AXMT,2
JRI,2394
CMRE,7749
JPM.PR.C,9676
JPM.PR.D,783
OPTT,5230
JRO,22073
JRN,2915
JRS,4700
LXMO,100
EXETF,3600
JSD,8035
JSC,130
SMTPD,100
SLAB,16500
AXLX,3624099
PSXP,11899
AGMC,3
JSN,15463
VLOWY,320
JSM,2101
CMSB,800
JST,2257
FEYE,64064
CMRX,2042
MJNA,8263225
PBEGF,841
JTA,12457
PSWS,10000
JTD,15557
AGNC,233207
JTP,15371
SLCA,28102
LGND,6140
BJRI,18931
AXPW,18400
NMRX,265
AGOE,800
ZURVY,15773
ESYS,1200
RSKIA,1200
JVA,21440
CMTL,2979
SMCJY,100
SVNDY,494
NGPHF,12200
JWN,57350
IOGA,375
JRJC,214908
PBYI,3301
OPXA,15700
COGGF,150000
MP.PR.D,44
SVNDF,142
FCSMF,65344
NRF.PR.C,185
NRF.PR.B,120
JXI,5598
NRF.PR.A,1
VUME,5000
MRVNY,2
CMXI,20399
IOUFF,2000
ATADF,100
JALA,28650
O.PR.F,1521
TIRXF,2000
IOIL,20
RIBT,1793
LXRX,37246
AXTI,3387
JAKK,6090
CMXX,6500
AGRT,1003
AXTE,15
LDBKY,81
RICK,4180
JZJ,321
AGRO,12186
GIFI,610
JZV,400
AXUT,2
FFCO,82
HLIT,7262
JANI,240
SLIO,100000
GIGA,1200
FFBC,7433
SLGN,29579
FFBH,25
NSSMY,900
FWDG,103000
FWDI,174
ETAK,3649
JAMN,5751
PCAR,51887
PNYTF,166665
RIGS,449
KUTV,9340
PTCT,5701
UAPC,84800
PCBK,2814
XYIGY,27
FFFC,100
MCP.PR.A,24311
HIG.WS,300
AHT.PR.D,500
HLM.PR,200
GIGM,281
ECAU,2000
ABMLF,2100
AXXE,75
RIGL,61379
DIPGY,184
RIGH,100000
LDSVF,1
KHDHF,45
PTEN,43081
ETFC,146486
LEVYU,200
TOPS,3830
ALP.PR.P,570
ALP.PR.O,40
APEMY,51
ALP.PR.N,816
IRET.PR,1
SVNLY,38
GIII,28332
VDSI,17240
KAI,575
ETEK,148000
SHECY,1100
PCCC,9152
URRE,11781
APELY,1000
KAP,100
MITT.PR.A,1
VSTOW,1
KAR,104258
CNAT,606
URTY,38689
FFIN,2776
SLNX,250000
PNHNF,21255
NNAN,10000
GILT,11092
FFIV,61238
KBE,125932
KBH,131341
GVDNY,336
TORM,400
PCFG,775508
MRETF,6705
KBR,81425
AGYS,4140
LCPRF,1000
FFHL,1200
KCE,175133
KCG,3126
JASO,61706
PCEF,18901
CNBC,4140
APEOF,250
URTH,7083
FFIC,8860
GILD,624368
SLNN,200
PTIE,37572
ECHO,7164
VUZI,14660
CNCO,300
FFKT,438
FFKY,600
PTIX,17593
RING,24077
SGSOY,4969
ECIG,48
CNBZ,300
TOTS,128
IOSP,4213
GTOMY,400
GIMO,1284
CNDO,69343
LRLCY,1118
KED,658
GIMU,50000
KEG,123947
KEF,2254
INRLF,6
TAKUF,20700
KEM,502
NNBR,12905
CNDA,420
KEP,5964
FWLT,18581
AIQUY,1629
KEY,289165
KEX,12829
YNDX,114271
JAXB,200
CNET,724
HLSS,9316
CNER,2400
TTSLF,1601
KFH,489
TOVC,100
KFI,100
MKBY,10000
KFN,112711
KFS,100
KFX,656
PTLA,2524
KFY,10830
KGC,1209084
KOZAY,519
SLRC,8070
SLRA,31
DX.PR.A,200
RIOM,12790
BKCC,26560
KHI,5732
PCLN,164472
JAZZ,22539
ALIZF,94
QFOR,3972
KIE,40407
CHSCO,1602
FFNW,379
CHSCP,324
BKEP,316
KIM,61637
SLTD,30600
KIO,301
KIN,31360
TOWR,6016
SVNTQ,380
CNHI,23622
SLTM,216512
TOWN,632
LHCG,399
ECNS,433
CNIT,14508
RITE,37500
AZSEY,1503
ECOB,1866675
ECOL,4661
ECOM,8796
ECON,14692
FWRD,729
KKD,49364
PCMI,1018
PTNR,1307
PTNT,100
KKR,247413
SLVO,5800
SLVP,772
PTOG,5000
SLYG,6018
KLD,224
ETRM,242368
TC.PR.T,1200
SLYV,5084
PTRC,61000
BTKGF,660
KMB,48777
ECOS,1480100
KMG,425
KMF,9569
KMI,218459
KMM,10607
KMP,48530
GIVE,2
KMR,9497
KMT,6921
PCOM,60
ECPG,3152
SLXP,18351
KMX,44704
GIVN,35142
KND,7001
KNL,1342
PTSX,3834
AHGP,919
VEDO,46517
KNX,12005
TNABY,44
PCRX,8201
SSEZY,5107
CNMD,3756
CNOB,103
KOG,385853
KOF,1282
USAE,600
USAC,1800
NNLX,700
KOL,21974
USAP,29
KOP,3853
PTRY,7777
KOS,62681
USAK,13244
PTSC,17500
VECO,6934
SCGLY,3787
USAT,13292
DFT.PR.A,489
VLPNY,13
DFT.PR.B,612
ECRO,100000
PTSI,1537
HOKCY,200
CSRXF,1001
VEEV,8064
PCTI,737
KVHI,668
TRMLF,50
ECUI,308059
BKLN,358995
FUR.PR.D,2
UBCP,3651
USCI,1711
JSDA,2121
USCR,2088
ZNNMF,9600
BKMU,771
ECTE,1722
OXLCP,100
LYJN,2000
MAUXF,103500
BSYBY,564
IPAR,4149
KRA,1207
IPAS,1259
PEI.PR.B,350
KRC,14372
CNPF,2
KRE,94179
CHRYY,1430
KRG,18677
CNRD,690
VVIT,15000
KRO,7575
TPCS,1205
KRU,6240
IPDN,200
CNQR,5755
CCCGY,627
JINFF,100
SMAA,325565
USEL,26
KSM,3157
IPCC,2540
USEI,2499777
USEG,10390
KSS,1060839
KSU,44643
KST,213
IPCI,30792
IPCM,862
VEGI,507
KTF,23329
USFC,320
RIOCF,191
KTH,34
CNTF,33606
NHC.PR.A,6274
KTN,433
IPFF,814
KTP,1600
WYNN,77407
LZRFY,1100
SMSMY,127052
PCYC,17919
SMCG,274
ECYT,12436
CNSL,6079
CNSI,958
SMAK,1500
NNRX,2500
RWEOY,100
JSHG,2220
USGT,7000
CNTY,7496
CNTO,77034
WHLM,2500
BKSC,600
NNVC,12048
IPHI,1220
CCEGF,200
VELA,129100
IPHS,4106
MKSI,957
CSCTF,201
XCO.RT,169904
KWK,187710
ARI.PR.A,199
PCYG,822
SMCI,3843
JBHT,20238
KWR,548
KWT,899
PCYO,618
MER.PR.F,400
MER.PR.E,6
MER.PR.D,1506
MER.PR.K,417
IPGP,26387
MER.PR.M,500
SMDI,20000
JBII,755
MER.PR.P,170
SMDD,3000
KXI,4357
AHPI,200
MKTX,3994
MKTY,375
VIVHY,2554
VEND,21058
HMGN,18500
USLV,62670
FXCB,49
USMD,249
KYE,12068
ULTXF,1000
FXCM,5253
USMI,3600
KYO,2151
KYN,26416
TPHM,50000
LYRI,166
DSNKY,1412
CNYD,200
WYNMY,150
SMEV,8
NSRGY,53188
SNEJF,9
MKTG,147726
WYNMF,11750
USLM,9
HMCBF,65
MKTO,10578
SMFG,42103
NSRGF,380
RJET,36389
HMIN,13357
NXPSQ,3
SMID,2075
SLPHQ,800
KCDMY,501
FXEN,9015
TPLM,127192
USMV,12711
HMHC,6650
JBLU,289915
USMO,2012
IDCBF,1000
ATBEF,35000
LYTS,2455
USNA,1146
MFA.PR.B,2
IDCBY,1931
LZAGY,118
KBALB,8265
UBOH,600
KERX,82821
BKYI,11200
BKYF,1030
DRAD,17232
EXL.PR.B,500
DRAM,2400
QGEN,213553
UBNK,937
EDAP,6401
USPH,1416
UBNT,20607
ORBC,11442
PDCO,34466
ORBK,5648
SMMF,600
UBQU,11150
EUFN,46204
DRCO,11564
FXIT,50000
VVTV,34569
GGP.PR.A,1442
LAD,3084
PDCE,27023
LAG,3398
ORAN,47033
VVUS,131704
SMLP,185
LAQ,571
LAS,384
CMRZF,100
LAZ,5191
UBSI,36789
UBSH,4551
PUGE,5119
TPRE,17394
NOAH,30467
LBF,958
NSRPF,2000
LBJ,16975
NSANY,11774
LBY,213
COBR,400
SMMU,228
UBRG,278000
NSANF,1319
ORCL,2096838
TTRAF,1000
ORCT,21400
LCI,7062
LCM,5775
OABC,453
NPIFF,2000
JBSS,1054
IPRC,20000
USTR,3023
ZAAP,2000
DAEG,564
TKGBY,7696
COCO,21519
LDF,1440
LDK,57510
SGRCF,35000
LDL,289
SBBSF,16270
LDP,17870
FGLD,45040
NTDOY,699
ORGC,11690
LDR,1068
KEYW,11136
COBZ,2789
EDIG,500
CIG.C,2619
PDFS,3354
HMPR,819
OREO,400
LEA,35307
LEE,21177
CODI,4746
EDGW,1950
NOBL,7642
LEG,18901
LEI,6400
CODE,20277
OREX,78081
LEN,182267
LEO,22374
PDGO,30000
CAOVY,26
HMST,871
LFC,12007
HMSY,32392
DRII,2354
LFL,41389
DRIO,23400
SMSI,3300
DRIV,5243
PULB,2130
MLAB,605
PCG.PR.B,1
DRHC,10000
LGF,14572
EDIV,21122
LGI,1749
ORGN,700
LGL,900
PDII,20
LGP,1339
SMRT,7035
PCG.PR.A,500
NOEC,300
BLDR,36577
BLDP,335685
LHO,19350
PDLI,119521
EDMC,11622
GPE.PR.A,204
SNFCA,701
IPWR,1312
ORIG,5906
HMTV,90
COHU,2064
MLCG,500
PULS,100
COHR,2555
ORIT,536
SGAMY,1015
LII,6710
ZAGG,6032
SMTC,41142
LIN,8592
LIT,2516
SSDOY,204
SMTX,400
IPXL,10573
DAIO,1200
AIRYY,340
BLFS,2155
BLFR,2000
ORLY,24990
ECIFY,525
TOSYY,30
OAKS,3815
BLGX,100
MLER,800
NOHO,1847999
LKQ,59483
DAKT,3527
WIBC,15194
DAKP,100
TY.PR,95
MLHR,6646
LLL,237970
DROP,173000
LYG.PR.A,1795
PURA,1
LLY,157052
COKE,1693
SSUMY,600
PURE,605
EUSA,376
LIFE,70230
ORMP,288267
HCN.PR.J,1002
HCN.PR.I,1
DANG,105369
TYY.PR.C,301
BLIN,5560
HTHIY,40
LMT,108765
COLM,4471
COLE,138851
GDPEF,1500
COLB,5124
MLHC,600
LNC,65156
LNG,102826
FLMTF,85000
ZROZ,28
LNN,5221
CMAKY,103
MS.PR.A,1917
LNT,14169
COMM,8000
RAFLF,6100
BLUSF,333
JFTTL,20
YOKU,79206
KWEB,2250
MS.PR.F,10730
LOR,1018
LOV,2419
CONN,28613
LOW,468368
ATRNQ,50092
CONE,16190
WIFI,5556
BLKB,2004
DDAIF,2674
GZPFY,373
HBCYF,1398
LPI,18034
LPL,13135
EDUC,2
LPS,19549
LPX,50885
COOL,9778
LQD,77018
PWAZQ,500
WIIM,2200
BLLB,500000
YONG,27804
AHONY,1775
CBS.A,358
UCBA,1200
COPX,16145
BLMT,415
DDAIY,402
OGZPY,7261
UCBI,17009
DARA,18219
BLMN,13051
DRRX,6923
KFFB,867
LRE,694
CORE,1687
JMHLY,1465
IQDF,2600
LRN,9717
MLNX,43859
LRY,59878
BKRKY,1543
XLNX,303620
LSC,12926
AIMC,1817
LSG,19800
UTEK,12304
LSI,1448120
BLOX,58997
ORSX,58
DATE,2482
CORT,16931
DRTX,4703
CORR,1590
CORP,640
DATA,90770
CORN,4502
MLNK,4387
EDVP,11
LTC,2767
SOIGF,550
DRWI,13500
COGLF,5000
CZXMF,200
COTE,7770
MLPX,260
LTM,13057
LTS,11359
MLPY,525
UTHR,14198
EGDFF,7300
LINC,1742
COST,111749
LINE,132317
YOSN,700
LUB,155
COSM,500
PWAVQ,46
ZRVT,200
WILC,4001
EDWY,5
NORW,2022
MLOV,1
WILD,900
SNAK,1224
LUK,65249
AZPN,11292
EDXC,258947
LUV,200546
UCFC,3417
AINV,51281
COTY,7725
LUX,471
YORW,202
MLPG,108
DAVE,300
MLPA,2300
MLPN,4781
BTLCY,100
SNBC,1384
WILN,4500
MLPI,4365
MLPL,3652
LVL,2402
SNDK,214373
LIOX,16005
DRYS,4736541
LVS,288280
NOVB,600
XTMCF,1800
BLRX,4930
XLRN,9312
LWC,337
ORYN,3000
PKREY,394
COWI,670000
SHGDF,4999
BLTA,171294
UTIW,14550
HNDI,3000
LEGPF,8565
SNCR,123586
WINA,424
FCUUF,500
COVS,7113
CBB.PR.B,605
COVR,1300
LXK,21451
LION,1587
AIRI,1700
LIQT,3252
HCIIP,300
BLUF,2
LXP,79275
BLUE,2096
GM.WS.A,7546
LXU,4497
GM.WS.B,7530
INCAF,10000
UTMD,17
LYB,107684
PL.PR.C,5253
LYG,184948
PL.PR.E,1900
COWN,2503
EADSY,9554
ARNGF,200
LYV,55658
DDR.PR.K,67
SNET,10000
AIRT,780
LZB,5963
BLUU,2500
VWOB,2236
AIRM,8228
WISHY,1900
SNHN,4394
LITB,26298
SNHY,1866
FHCO,4042
TQLA,21
BDORY,5826
BRGYY,13194
TCBIP,1114
ZAZA,22801
TCBIL,70
PRIS.B,3800
WIRE,1976
CRARY,10028
EVAC,447
GAINP,2
HWTFF,1800
EVAL,102
AGO.PR.F,10
AGO.PR.E,839
ERFBD,890
IQNT,19561
LIVE,9792
PVCT,164243
ADDYY,963
UCPA,750
AGNCP,2236
SJMHF,2000
EVBS,60
WITE,1760
AKZOY,115
KFRC,2687
EVCA,352000
TOELY,2600
JCOM,4689
ARNBF,100
OSBC,7060
PVEC,10083433
FCE.A,11442
MH.PR.A,151
AIXG,13618
KGTFY,914
UTSI,466
DSCI,1290
EVFN,3
DSCO,3034
OBAF,200
TQNT,136790
LIWA,2600
PEBO,6325
MAA,16337
MAC,21231
MAB,184
MAG,25
SNLN,474
AVIFY,116
MAN,35147
EVEP,2390
MAS,174783
EVER,10265
MAR,111546
MAT,98517
MAV,2162
CPAH,2000
MBB,13463
EVHC,6395
CELGZ,993
EEFT,24290
MKTAY,100
CZICF,4800
CPAC,500
DBBR,703
WIZD,150
MBI,27215
RDS.B,55694
RDS.A,176443
OBCI,2820
MBT,67064
SNMX,20211
OBAS,605
TSRER,4000
MCA,2765
MCC,15313
MCD,182607
MCF,8383
MCI,658
MCK,55134
MCO,101518
EVGN,701
MCN,2100
TQQQ,131705
MCP,2533686
MCS,151
MCR,6221
DBEF,3916
UURAF,20800
MCY,5091
MCZ,43316
GKNT,2300
MDD,160
MDC,64657
MDM,320
MDP,3570
FHLC,21437
HNRG,1696
MDR,245791
MDT,123400
MDU,20520
HLTOY,8405
MDW,5509
MDY,262710
NPBC,39415
RTPRQ,1000
MEA,56315
UCTT,24833
SCHYY,173
PEGA,2069
FYLD,12071
MED,3947
MEG,30128
MEI,18670
DBEU,400
PEGI,11560
SCHYF,300
MEN,11662
SNPS,32298
MEP,746
MES,2
MET,211906
HNSN,4610
PEIX,8837
MFA,65889
MFD,1201
MFC,82051
AZURF,5275
MFG,45063
MFI,1436
MFL,8387
MFM,15461
CGRIF,26
MFT,190
GRX.PR.A,566
MFV,2791
SNSS,2678
DSGX,336
MMAB,1335
MGA,18468
MGC,16185
MGF,5285
MGI,2880
MGH,1000
CPFI,2200
MGK,39395
PEII,1473316
MGM,308511
MGN,2100
DNPUF,500
DBGR,1520
MGR,622
SNRV,15000
MGU,4453
OSHC,1100
MGT,15403
MGV,3556
CRRFY,5270
AWLCF,3690
MHD,19449
MHF,3571
EELV,1135
MHE,2
MHH,1507
AIBYY,9495
MHI,401
CPGI,20077
MHK,37623
MHN,4807
EEMA,2950
MHO,15304
MHR,114587
EEME,137
AEXPD,131
DSKX,3000
EEML,90
MHY,44348
MIC,17218
OSIR,4023
MIE,15319
MIG,985
OSIS,10622
AALCP,4312
SNTA,49066
MIL,4925
CPHI,230
MIN,73775
TGONF,121900
CPHD,8699
SNTI,12918
MIW,7002
MIY,16568
HREEF,1300
OSLH,300
MJI,5520
PENN,47193
MJN,433624
PENX,809
DBJP,13373
MKC,23663
EEMS,8873
DBLE,5530
EEMV,18136
OBJE,22861
EVOK,2046
EVOL,7190
MKL,2189
DSLV,29693
DBMM,1140000
SNYL,554117
MLG,8
MLI,1248
EVRM,1100000
MLN,1286
MLM,3045
MLP,6184
MLR,631
CBSTZ,350
KSFTF,215
MLU,3620
EVRY,438
MMC,72960
MMD,17500
BMIX,13300
MMI,216
MMM,433528
CPLP,10039
RKUS,31403
MMP,12631
MMS,6455
PEOP,50
MMU,20265
MMT,24926
DSNY,42546
PHIIK,407
CPLA,1420
KLBAY,316
EVTC,5388
MNA,2
MNE,205
FLNXF,1000
PERI,78714
MNI,6002
MNK,8074
PERF,857
ALLAY,100
MNP,9115
MNR,16306
PVTB,10880
ROAOF,98
PVTD,171
PERM,48
PERY,2623
EREPF,27100
MOC,2121
MOD,7813
DSPG,35321
MOH,109074
EVSI,3230
MOO,15444
MON,481738
MOS,129699
DNPLY,337
REN.WS,1497
GEF.B,584
EVSV,3596228
MOV,539
PMGYF,2000
MPA,5539
MMLP,1170
MPC,184650
MPE,1200
FHWY,514
CPOW,90
CSUAY,2209
PETM,50053
BAESY,4028
MPO,11478
TRAK,5825
OBQI,36900
PETS,7512
LYSCF,3900
MPV,388
MPX,25
MPW,45072
XMLV,2
STKAF,400
IRBS,10000
IRBT,31406
PETX,804
LYSDY,4300
DBRM,50000
KGET,1657000
HRELF,120
NMB.PR.C,500
FANUY,3293
PESI,3600
MQT,16917
MQY,3331
CPPD,500
MRC,7083
MRH,5582
MRK,449622
DSUM,9143
MRO,168291
COR.PR.A,201
IRDM,63630
HRELY,3
TEZNY,457
KMI.WS,210589
MSA,1224
AIBSF,600
IACI,21968
MSB,7164
MSD,4079
MSG,17225
KNYJY,2016
MSF,5615
MSI,25338
MSK,103
DSTI,406
MSJ,1470
MSM,48555
MSL,311
MSO,9118
MSN,598
MSP,281
BNKXF,5974
CPRX,17955
MMMW,2000
CPRT,35429
ADDDF,118
MSZ,894
MTB,36437
MTD,2367
ZBRA,7037
OSTK,25529
VGGL,450
MTH,17094
MTG,136784
DSWL,8314
MTL,46174
MTK,1262
CPTA,1007
MTN,999
TADF,25000
TNTEY,371
CLPHY,15001
MTT,1066
TRER,1000
MTS,236
MTU,68282
RSNAY,2000
XMPT,406
MTX,836
CPST,117016
MTW,36227
CPSS,24453
MTZ,35060
TREX,1966
NPTN,4111
MUA,982
MUC,6956
MUB,20721
FUJHF,25
CPSI,2455
MUE,3207
MUI,13992
MUH,4165
MUJ,4376
BMRC,772
OSUR,15244
MUS,4010
MUR,32621
JUHL,2927
FUJHY,1880
MUX,164829
VGIT,3502
TRDX,14997
KGJI,1214
TACT,680
TREE,1244
IRET,13795
NPSP,63447
MVC,520
MVF,35192
MVG,8200
TRGP,15320
MVO,8886
FUJIY,116
MVT,5170
MVV,17528
TRGT,5773
VGLS,19831
VGLT,3522
MMSI,2654
LJPC,340805
AHL.PR.B,351
AHL.PR.A,778
MTNOY,8925
MWA,51371
GLBS,800
BMRN,27252
IAGI,500
BK.PR.C,1457
MWE,15549
BMRK,1800
GLBZ,144
MWG,6495
SOCL,9677
VNGRF,16
MWO,1220
BMTC,2483
GLAD,16580
MWR,1610
AHL.PR.C,148
MWW,228465
MWV,13531
MMRF,2169
MXA,2
MXC,1282
BMSN,110000
MXF,4582
MXE,410
SODA,29513
MXI,3845
MXL,5109
NPWZ,44400
TRIP,81066
SOFN,13000
MXN,1
SOFO,600
GLDD,2571
GLDC,120
HENKY,177
GLDI,306
MTLQU,951
HRTPY,47926
PWCDF,302
TAHO,5532
MYC,2645
CPWR,83674
MYE,528
GLDX,925
MYD,10160
MYF,7064
MYI,6779
KPLUF,160
MYJ,8724
MYM,7323
CEMTY,1
MYL,264916
MYN,6840
SOEN,2500
TAGG,4938961
TRIB,2707
CPXX,2000
HOFT,1043
WOSYY,440
MZA,13
MZF,6106
TRII,50
IRIX,5571
SOHO,19715
MZZ,5711
SOHU,7965
FICO,21699
EWBC,11797
TRLA,34744
SOIL,7776
FIBG,1400
FIBK,1978
JUNR,600
GLER,137528
RLGT,3682
UUPT,100
TRMR,15523
RLGY,1368635
TALK,2500
HENOY,650
AIDIF,3299
UDOW,43881
PFBC,3871
TRND,550
FIEU,200
PFBI,700
TRNO,409
MMYT,4575
DUETF,1000
PSGTY,100
UTX.PR.A,9
JPM.WS,3285
UDNT,1304
TRMB,38299
FIDU,33756
EFAV,8620
TRMK,5751
IALS,68
TROX,6861
TROW,68927
PWEB,1000
TROV,874
SOLS,700
VXUS,48464
TANN,601
HOMS,40
RTOKY,900
FIGY,882
CCGGY,11
MKRYF,900
IROG,200
TRNS,662
HOLI,29131
TAMO,5500
IROQ,603
VGSH,4412
TRNX,1391
NAD,9800
NAC,5587
HOLX,68007
CHEUY,127
NAK,26233
NAN,8104
EWEM,102
KELYA,13074
HOMB,27276
HOME,119
QIHU,81932
NAT,155645
NAV,10949
NAZ,3905
SONS,20786
KBCSY,82
EVSNF,5500
NBB,4018
NBD,271
NBG,191052
KMTUY,1338
NBH,18469
NBL,114001
NBO,1233
NBN,4220
EWHS,302
NBS,21998
NBR,157249
NBW,762
NBY,100
SONA,200
NCB,319
NCA,2608
RF.PR.A,966
NCI,4207
SONC,9906
TUWLF,35
JDST,9882
NCP,2633
NCO,2505
GLLA,1500
NCR,36188
NCQ,13589
JDSU,166128
NCT,38860
NCS,9505
BURBY,1580
NCV,53201
NCU,513
TRSY,284
NCZ,40453
SOPW,111425
TRTC,368030
TARO,895
PTKFY,297
MRWSY,1546
NDP,851
GLOG,4606
SMDZF,3000
NDZ,3230
TRRU,10960
UUUU,600
OTEL,1422
SENEA,1309
NEA,5163
MONIF,360803
NED,9500
NEE,101916
WFIFF,100
NEN,202
NEM,823830
TRST,23757
IART,621
NEO,2362
GLHRF,4000
OTEX,12543
NES,4898
NEV,14607
GLNG,156116
NEU,1851
PFIS,975
TRUX,400
TATT,3584
GLPW,2207
NFG,6577
NFJ,47563
IRWD,41705
IAUS,3950
NFO,2693
TAUG,6000
EFII,10852
NFX,91353
FILL,20
RLOC,450
BNCN,4252
TAST,2111
BNCM,2
BNCL,3057
NGD,271749
TASR,37860
NGE,200
NGG,19289
SORL,2210
NGL,21599
BNCC,1100
RLOG,2000
OCFC,257
NGS,1471
NGX,5
GLPI,18493
NGZ,700
MFCSF,500
GLRP,8000
AMP.PR.A,1661
MNDO,595
AKAM,70270
NHC,4493
WMMVF,5046
XNCR,2093
MNDL,2000
NHF,37765
NHI,15656
TRXC,1311
SOUP,1050
WMMVY,3106
SOUL,180414
NHS,14657
OCIR,100
PFLT,2831
HOKUQ,2896
OCIP,1900
FINL,26385
HOTR,10000
NIB,3699
NID,5960
FINU,326
NIE,15770
ZTHO,357
FINZ,700
DCIX,13513
NIM,1060
NIO,10753
OTIV,30114
NIQ,2001
GLRE,6842
BNDX,27278
GLTR,3452
BNFT,2004
SNYFY,1590
TAYC,175
CMCXF,200
NJR,13282
NJV,540
MNGA,1704
GLSO,9920
NKA,779
HOVU,200
NKE,205800
ORKLY,500
NKG,217
DTLK,83
CPMCF,6126
PFMT,2419
PWOD,672
TAXI,8728
NKX,4449
SGTPY,394
NKY,22419
CIHKY,2057
FISV,48169
EWRI,104
LKEN,2500
GTPPP,309
EWRL,10400
EWRM,70
FITB,306940
EWRS,661
NLS,4064
NLR,2500
DCLT,200
NLY,612052
PWRD,9126
PFPT,15864
NMB,2
NMA,7235
COF.PR.P,7790
GLUU,122026
DCNG,136
GLUX,2000
NMI,611
NML,9375
NMM,22163
NMO,15072
SOXS,10047
NMR,17056
VELTF,47824
NMT,40
SOXL,16317
FISI,814
SOXX,25032
NMZ,19612
NMY,1870
TTCNF,544
OCLR,38313
OCLS,10696
NNA,25120
DCOM,2309
NNC,484
SCHW.PR.B,3132
NNI,2058
NNJ,2023
NNN,48092
GLYE,2000
EFSC,1122
NNP,1625
FIVE,10596
HRUFF,200
NNY,371
MNKD,240092
VYEY,125
NOA,1645
UBIQD,280
NOC,39315
LKFN,4354
QNTQY,9
FITX,14781867
NOG,59912
PWRM,1771928
TUWOY,52
EWSI,294500
NOK,1012939
DISCA,41496
HBEXF,8000
NOM,2000
NOR,8919
EWSS,206
NOV,97619
DISCK,29956
NOW,116749
WEFIF,6600
NPD,1735
NPF,3926
DTSI,1622
NPI,6122
NPK,474
ISBC,16175
NPM,14268
NPO,682
NPN,300
PFTI,4999
QIWI,50485
NPP,9477
PLCSF,29500
BHKLY,3
DTST,10000
ISBH,6000
NPT,12911
NPV,236
NPY,2396
NQC,17658
DTRC,20
DMNKF,462
IPHYF,2000
CMCSK,40706
NQJ,2774
NQI,1234
FIVZ,497
PFSI,432
DTRK,58
NQM,12854
NQP,1912
NQS,6663
CMCSA,936184
NQU,16943
RLYP,1735
WRI.PR.F,161
PFSW,2047
NRG,70303
NRF,474763
OTTR,1888
NRK,12055
BNNY,2705
UEEC,550
NRO,11815
BCS.PR.D,5927
TSCO,58553
BCS.PR.C,574
SGTZY,200
NRP,7192
BCS.PR.A,1588
TBBK,1265
CQQQ,3597
BNNP,300
NRT,3730
IBCA,1026
NRZ,25546
IBCE,24
IBCB,96
VRSEF,5000
IBCC,200
HL.PR.B,101
NSC,44737
EFUT,4600
NSH,1171
NSL,10896
EONGY,16556
NSM,6565
KHGT,20000
NSP,2879
ISCA,2704
NSR,26589
DCTH,73362
NSS,224
NSU,24425
ISCI,3000
ISCO,68659
DLR.PR.E,1260
DLR.PR.F,158
DLR.PR.G,580
NTC,168
OCRX,7502
NTE,30099
TSEM,7386
NTG,9675
PFXF,1304
NTI,12286
NTK,700
HPP.PR.B,460
NTN,240
EWZS,3821
NTS,173
NTT,7929
XNPT,21405
NTX,2782
DCUB,500
DCUA,7905
NTZ,544
SPCB,34861
NUC,5226
NUE,48398
ACSEF,1000
NUJ,1119
FIZZ,306
IBCP,2078
NUM,9177
SPAR,3689
NUO,1011
SPAN,216
NUS,30656
NUV,13152
TITXF,10
NUW,2128
IBDA,202
SPBC,600
IBDC,427
NVC,1086
TNSGF,210
OCTX,394
NVG,1836
AKPB,4975
NVO,18105
NVS,66597
DTYS,471
ISHG,12638
NVR,6624
UEIC,3926
NVY,90
NVX,12983
RMAX,1848
LHPTD,4000
NWE,2027
CFC.PR.B,4104
NWL,54667
NWN,2619
CFC.PR.A,981
NWS,22831
SPCO,3000
NWY,10500
GMAN,373
BNSO,1600
NXC,884
SPDC,15578
MNRO,1793
MNRK,5648
OCPNY,6
NXK,892
MNTX,8571
NXJ,2302
JW.A,9558
RUSHA,11381
NXM,93
NXN,562
NXQ,8597
NXP,7506
NXR,5205
CELTF,10000
RMCP,10900
NXZ,3742
HPGS,24500
SPGH,5510
NYC,460
WFC.WS,21407
NYF,297
IBII,500
NYH,110
IBIO,1063
MNST,71617
NYT,109061
MNTA,10340
ISIG,182
RMBS,30326
NYV,2
AKRX,20951
ISIL,400606
MNTG,157
GMCR,105593
ISIS,32424
SPEX,70436
RMCF,2042
NZF,16790
SPFF,5919
NZH,11499
ELUXY,102
SPHQ,4308
ISLE,399
BAYRY,4439
EXAR,4359
EXAS,71113
SPHS,60
AKSY,201
MLYBY,235
GMFS,350
TSLA,626762
IBKC,1554
TSLF,100
NOKBF,700
GMED,22059
PUK.PR.A,141
NRCIA,42
NRCIB,234
SPHB,3974
TBIO,1450
GMET,1400
EXAC,2422
EXAD,3088
EXAM,2762
SPHD,8687
KYTH,3015
CENTA,676
EGBN,1244
CABGY,47
IBKR,18182
SPIL,26909
IFNNF,20000
EGAN,903
EGAS,2390
IFNNY,44300
RMGI,5
TRQ.RT,373402
SPLV,23514
SPLS,4405277
EGDD,20000
SPLP,401
TBNK,1751
SBGSY,385
IBOC,1883
UVSP,3504
ASBFY,17
EXFO,7680
JERT,10001
TAOIF,324
ISON,14310
IBND,9952
UEPS,8751
OAK,2830
SPLK,289379
EXEL,78192
DUBL,10000
MAYGF,12600
OAS,121573
SPNS,6607
HPOL,12747
ISRL,24
CRAI,1417
TSRA,17193
SFTBY,3685
GMLP,10903
TSRI,200
SFTBF,1128
ISSC,759
TSRO,141955
VWSYF,2246
DDDC,8600
BECVY,100
CRBO,6000
TSPT,500
NRTLQ,1881
PXFG,700
HZNSF,100
TBOW,5700
SPNC,12977
CRAY,29725
PGEM,7818
CCHJW,21
OCN,115072
ISRA,1026
ISRG,21179
OCR,41949
DDCC,1125
CRCL,100
DDDX,959
EGHT,20036
CAAS,9698
ODC,10
YNGFF,15648
ODP,925675
ANTUF,3550
CRDS,9688
CACC,686
ISSI,2159
CACB,1118
EMITF,17190
SPPI,8202
CRDC,6664
OEF,12217
NRBT,10500
OEH,19156
CABN,5200
SPPR,150
ISTB,1906
SPPP,42110
FMCKP,100
BOBS,120
UVXY,352464
SPSC,1664
MOBI,5800
OFC,28483
CREG,7520
BOBE,7400
CREE,98377
OFG,3619
CACQ,2614
EXLP,3382
EXLS,467
PXLC,2
CACI,5613
CACH,15905
OFS,1606
YRCW,60220
EGIL,1000
OGE,32271
CADY,4200
BOCH,1902
CADX,10960
PGHY,2000
MOAT,15029
SPRT,6137
SPRO,1700
IBTX,1196
ODFL,10035
CAFE,4100
ALAS,20950
PXMG,32
WEIGY,9800
MODN,11662
PGLA,7998
PGLC,58100
DUKH,2274
OHI,70792
AFLYY,20350
PXMV,4
SMGZY,500
LNCYF,3123
CRD.A,185
CRD.B,229
PGLO,7224
ANCPA,2000
HPTO,1486
CMA.WS,39769
PXLG,20
OIA,7597
MOCO,894
HPTX,1657
OII,320787
OIH,127084
VLCCF,12943
SPTN,7573
OIL,57422
PXLW,25165
PXLV,100
CENJF,13056
OIS,6442
EXMT,1680508
PXMC,2
EGLE,93386
BODY,8916
CAFI,14637
ALCS,800
CRIS,35559
MOFG,821
EXPD,55021
EXPE,67576
ALCO,615
NRIM,607
BOFI,12021
EXPO,1022
EXPR,65691
RMTI,89540
GMUI,100
SPWR,108312
ALDW,8663
OKE,35855
OKS,8984
NAGS,60
TSYS,8902
YARIY,2000
TSCDY,65297
ALEX,1305
ZUMZ,7637
EGPT,2458
VIAP,17500
VIAS,270
SPYG,4561
OLN,78496
LLEX,500
OLP,1513
RAS.PR.A,500
SPYV,1088
OMC,62248
PGNX,93038
BZQIY,500
OME,4028
CAKE,11534
OMG,2204
EGOV,21104
OMI,15685
OPHLY,7
BOIL,24004
OMN,3637
BIOYF,3000
DUNR,203
SPXL,116373
WLDN,2990
ALFA,4295
VIAB,120592
SPXU,352025
SPXS,110432
CALM,3116
CALL,4964
ONB,5233
VOLVF,3000
MOJO,1200
CALI,5592
ALGT,864
ONE,9095
CRMT,2276
CALD,27296
VICR,7933
ALGN,22268
PXSV,1652
VIDI,200
ONP,50
EXTR,72850
VOLVY,3420
CRME,600
CRMD,31285
CRMB,3500
ZB.PR.H,527
ZB.PR.F,240
JFBC,1
ZB.PR.G,165
ARR.PR.A,2778
ZB.PR.A,1541
ARR.PR.B,702
CAMH,20000
CRNT,22486
EXSL,1000
VICL,50722
CALX,1442
BOKF,1331
VCISY,2958
WLFC,654
PXSC,2
DDOO,100
CANN,1972
CROX,444931
CANF,7000
PGTI,30953
BOLT,415
OPK,315441
VIEW,800
CROP,2
NANO,12631
ALIM,12459
AMH.PR.A,250
VIFL,3383
DUST,413592
MPUCF,2000
CLASF,41500
NANX,4500
OPY,584
CAMT,50824
CROC,475
CAMP,86170
ICAD,1800
JFBI,280
PGSI,1000
NAMG,27980
AROSF,500
EGTK,700
CANV,160
ORB,7326
ORA,1627
ORC,3660
OUTR,36246
CAPP,100
GGN.PR.B,100
EXXI,90009
BONZ,1896500
MHR.PR.E,1500
XONE,39791
ORI,44575
ORN,516
BONU,1953138
ORM,2152
MONT,9549
BONT,163991
ALKS,23787
CAPC,1000
ICBT,200000
PGVI,1
ICBU,500
TCBI,11570
MHR.PR.C,582
MHR.PR.D,55
BOND,39196
TCBK,630
BONA,1477
XOMA,208822
UFCS,3780
OSK,8813
YANG,27256
ALLT,11107
CRRS,7006
BOOM,7489
GUT.PR.A,380
TCAP,8350
ALLE,24603
CRRC,2479
AFSI.PR.A,201
TTEK,13901
SONVY,100
CARO,500
TTEG,79
SQBG,234
VIIX,5024
VIIZ,165
SUI.PR.A,200
EGYF,200
CARB,622
ALME,4300
CAST,3000
CASS,605
CASM,2000
ALNY,16779
ITEC,2502
CRTX,5402
CASH,1230
CYN.PR.C,10
CYN.PR.D,280
TTDZ,9998
CRTO,1617
VIIS,300
ITEN,1800
CARZ,4407
TTEC,1936
XOOM,8425
TCCO,16
CARV,201
MDABY,33
CART,600
MORT,9649
SIMHD,100
BOSC,22839
NATH,2749
CATO,1983
CATM,5989
TTGT,462
NATI,8351
ALOT,117
NATL,4358
TOYOF,28
CRUS,80214
NATR,1631
BORN,26310
CNGRY,192
GNBT,136444
BORK,2000
ICGE,2851
CASY,7048
ALOG,1279
ICEL,2418
DDXS,4600
BOTA,4500
ALQA,1203
NASB,2029
GWLIF,158
TLPFY,17
TTFS,7529
LLNW,11249
OWW,26421
CRVW,200
MOQZ,100
CBL.PR.E,753
CRVP,5307
MORL,47751
VTKLY,240
CRVL,4966
MORN,2950
GNAT,2000
OXF,775
CATY,4822
NGDAF,500
ICFI,1211
NAVG,1055
KINS,2800
OXM,1742
HQGE,500
RNCH,750
CAVM,16539
OXY,104331
KBXRF,4934
CRWN,12039
BOTJ,1800
VIMC,3015
TTHI,3680
ITIC,8
ALLY.PR.A,106
ALLY.PR.B,27591
MOSY,10654
ITIP,410
GNCP,422700
GBOOY,2734
NAVB,44300
KIPS,2000
OZM,44650
LLTC,117535
RNET,2453
WLSV,145125
LLTI,5000
ALSN,33274
DBOEY,2054
ALSK,40844
VIPS,8400
LLTP,32000
KIOR,23397
VIOG,8863
RAS.PR.C,1900
RAS.PR.B,1
ITKG,10000
BOXC,480
ATUSF,2030
VIOV,2783
ALTV,300
MOVE,2529
ALTR,236999
RNDY,21075
TCEHY,3269
CRZO,64205
VIOO,6942
KIPO,4550
ALTI,2933
GEGYF,4110
ICLR,7211
DFS.PR.B,2131
XOXO,885
ITNS,84025
SCIXF,100
FSUGY,200
UIS.PR.A,200
ASCMA,681
TTLO,150
HLDCY,120
ITMN,45374
ICLD,440750
GNGR,3000
KIRK,14227
ALVR,100
TTMI,10398
ESLOY,32
ICLN,229
RNGC,1000
RNIN,996
VITC,93
ALXA,1262
FCGYF,100
ICON,14220
TTPH,4338
TTNP,30434
VISN,19097
DVAX,455640
UFPI,1024
DEAR,13050
GNIN,5782
PAA,49768
UFPT,84
ITOT,40492
PAC,2145
PAF,220
PAG,8487
PAI,1290
PAL,63736
OVAS,246
OTSKY,6
PAM,10115
ALXN,34331
ITRI,14700
PAR,300
BWINB,610
VIVO,3535
ITRN,4236
TCPC,8432
GNLK,20900
ALZH,300
PAY,74882
TCPN,519
PBA,7805
PBE,7700
PBD,2472
PBF,42901
PBI,975839
PBH,8642
PBJ,9032
PBP,72177
PBS,23289
PBR,979262
DVCR,220
BAC.PR.I,3132
PBT,9656
PBW,9234
XRGYF,3000
CSBK,875
PBY,7034
BAC.PR.E,297
BAC.PR.D,3500
UWTI,1990
PCC,700
OFC.PR.L,90
PCF,3740
AMAVF,61
PCH,2364
PCG,46367
TCOR,375
DECK,40655
PCI,45050
SPOXF,3693
PCL,25716
PCK,18014
PCN,9976
SQNM,32026
PCM,3098
PCP,11645
ICPT,12592
PCO,3277
BAC.PR.Z,778
PCQ,7485
CLCGY,145
STAG.PR.B,251
FSUMF,13450
STAG.PR.A,595
CSCO,2743632
TCRD,8303
PCY,23598
VIXH,50
OEDV,200
CSCD,4092
NBBC,1318
PDI,17375
PDH,5698
TSRYY,31
CBAK,772
SQQQ,154239
PDM,31255
CBAI,50664
ITUB,604297
PDO,5
PDN,21356
VIXY,42400
PDP,48451
PDS,27366
TTTM,8000
PDT,6740
GNMK,1360
HSBC.PR.A,1025
GCV.PR.B,400
PEB,2945
PEG,95323
PEJ,6145
PEI,4004
PEK,600
PEP,188924
PEO,2004
PER,7627
PES,12834
KKPNY,1821
QKLS,400
PEZ,4951
VIZS,601000
PEY,20551
PSB.PR.R,28
PSB.PR.S,1341
NSEC,600
PSB.PR.T,853
PSB.PR.U,107
PSB.PR.V,210
ICUI,3572
PFE,911413
TCTZF,1769
PFD,398
PFG,31475
PFF,154348
PFI,38
NVY.PR.C,5
PFM,1658
PFL,11252
PFO,1485
PFN,17963
PFS,1507
CSFS,20874
TLNUF,240000
MPAA,1508
CSFL,3413
PGC,639
PGF,30078
PGH,78259
ICTL,1550
CBDS,3630
PGJ,19595
PGI,2277
DVHI,9000
DVHL,200
NBCB,2458
PGP,4031
PGR,33976
CSEY,2888
PHII,907
THBIY,9353
GNPG,58000
PGX,59599
AMAT,517947
PGZ,103
CSGS,1899
AMAP,36710
CSGP,2174
PHA,300
PHB,16146
AMAG,1749
CBEY,5522
PHD,23058
PHG,93148
PHF,2266
PHI,976
PHH,6817
PHK,42191
PHM,308842
PHO,17130
LMAT,212
PHT,3705
TTXP,16200
AMBT,4074
PHX,315
AMBS,264435
PID,15648
AMBK,70
AMBI,400
PIE,9263
RDSMY,217
PII,12394
AMBC,23877
PIN,10732
AMBA,260470
PIM,17960
PIP,136
PIO,3080
PIR,29847
GNRC,18135
TTWO,74737
PIZ,16545
CMS.PR.B,15
AMCO,1
CSIQ,211945
PJC,1048
AMCN,61693
GNTX,42214
NBHC,464
CSII,15316
BPFH,10024
PJH,1077
AMCF,28816
OVLY,1000
AMCC,178194
PJL,100
NSIT,7985
PJP,18800
CPOKY,8675
PKB,100
PKD,14627
PHMD,158655
PKE,1227
PKG,21164
MPEL,380138
GNSZ,1143
WMAR,1182
PKI,72765
BCONQ,500
PTMEY,4
PKO,4309
MPET,1225
PKT,12039
RNST,4937
LMCA,24085
PKX,13840
PKW,89755
AMCX,27811
PKY,11607
NBIX,28140
PLD,65584
PLG,19625
AMEN,1
AMEL,1199535
PLM,5900
PLL,18348
AMEH,330
CSKH,40000
AMED,6796
PLP,1
CBIS,5281486
PLT,7319
PLW,705
DVOX,110
PLX,24185
PMD,2730
PMC,5803
PRGAF,100
PMF,6527
PME,300
WMCR,233
PML,34526
PMM,37814
PMO,28830
PMR,4044
GNVC,51290
PMT,19576
PHOT,4010418
PMX,9887
CBLI,25200
PNC,65206
SOMLY,3300
PNF,3057
PNI,5044
PNK,7137
AMGN,164735
SWDBY,755
PNM,12280
WMGI,2554
PNR,35343
PNW,48244
PNY,11467
PHRX,10860
PNX,118
CSMA,100
EAGLW,2690
JGBD,1743
DENN,9361
JGBB,400
CSNT,7000
POL,17681
NSLP,1775
POM,42911
POR,13199
POT,286260
RNWK,5091
AMHD,200000
AGPYY,26
PPA,13683
PPC,25995
OVRL,11830
CBNJ,540
PPG,27972
PPH,12151
MPLX,9758
VJET,45775
PPL,232892
PPO,10287
PPP,16882
PPS,6715
PPR,25786
CBMX,45218
PPT,36201
HVRRY,7
XPLR,7550
AMIC,620
AMID,640
PPX,891
NSPH,12942
CSOD,5451
WMIH,54403
DEPO,18693
BML.PR.J,46
BML.PR.I,1684
BML.PR.H,1
BML.PR.L,641
CBOE,23155
BLIAQ,6248
UGAZ,118761
JGBS,920
MURGF,20
EHTH,8883
MURGY,1299
LMIA,4914
CBNR,800
PRA,5261
MPSYF,610
CBPO,418
ZERO,5950
PRE,13361
PRF,19798
NWRLY,200
PRI,4133
PRH,174
PRK,123
RDSPY,100
HRAA,10000
PRO,2751
AMKR,37226
PRN,4220
PRU,117729
HRAL,254500
PRY,56
IDCC,12982
PSB,460
PSA,20125
OESX,3609
PSF,5127
NSPR,9322
CXEYF,12956
CSGKF,3924
PSJ,1096
PSI,3554
PSL,1202
PSK,2868
HLUYY,16
PSP,297624
PSO,17545
PSR,2
AMLP,134559
PSQ,9348
BPOP,13803
PST,18392
AMLM,700
PSX,192484
OVTI,74829
CSRE,1526
DEST,1370
PTC,45946
BOREF,200
NEE.PR.C,694
PTF,560
PTH,950
TDGCF,1750
BRK.A,32
CBRL,2752
BRK.B,151348
AXAHY,3504
TUES,38047
PTM,6010
NEE.PR.I,416
NEE.PR.H,689
PTN,6798
NEE.PR.J,1607
PTP,1732
NEE.PR.G,2469
PTR,11820
NEE.PR.F,1621
PTY,19975
AXAHF,424
PTX,1084
AMMG,14800
NSTG,1834
RTRAF,7303
NSRS,22730
PUI,98
ZVUE,1000
PUK,12857
CBSH,6586
NSSC,3340
SMGBY,1200
PUW,6
AMNL,25
CSTM,11277
CBRX,200
PVA,115849
CSTI,500
AMNF,1660
XPOI,3000
CSTE,13815
AMNB,1208
PVD,120
PVG,70465
ISCHY,700
PVI,4348
GDV.PR.A,400
PVH,14897
TDEY,10670
GDV.PR.D,775
DVYL,15200
LMOS,264
NBTB,664
DEWM,7976810
AMOV,1520
PVR,18672
GOBK,50
NSFDF,400
XPRT,250
SRDX,1022
IDGC,750000
CSUN,24785
PWB,200
PWC,9090
OCANF,2804
UVVZP,1
CBST,20154
PWE,150138
ZEUS,6184
C.PR.C,1002
BFGIF,450
SRCH,11555
CSWC,5024
SAAS,1285
LMNR,822
C.PR.E,226
SRCE,607
LMNX,5453
C.PR.K,17570
PWO,2
PWR,31406
C.PR.J,1721
AMPW,300
SRCL,32579
PWV,4694
C.PR.N,3062
C.PR.S,193
PWX,6
AMPS,400
C.PR.Q,1601
PWZ,824
HRDN,500496
PHYS,32645
DVYA,841
PFG.PR.B,221
CSVI,675
PXE,755
ISCHF,615
PXD,73763
DVYE,8297
ASBRF,100
AMPE,15478
PXF,8471
PXI,1528
AMRE,898
PXH,44797
AMRB,600
AMRC,596
ROCK,4127
PXJ,1885
IDHQ,50
PXN,3777
PXQ,1324
SAEE,10000
PXR,266
HSFC.PR.B,685
FLAG,1600
PVTBP,293
BDRBF,11186
HAFC,2408
PYC,200
AMADY,285
BPTH,9811
ROBK,2285
AMSE,2000
AMSF,1634
AMSC,148436
PYK,600
PYN,1089
BAYZF,350
ROBO,28795
PYZ,790
AMRS,225735
AMRN,197659
SREV,8312
PZA,11490
PZC,8688
PZE,12012
PZD,12450
PZG,53602
AMRI,5805
PZI,5345
AMTG,6811
AMTD,68256
PZN,3537
EP.PR.C,648
WJXFF,550
GOFF,360
YSYB,100000
PZT,958
MPWR,7522
AMSG,2010
SRGL,1000
SAEX,110
IDIX,33776
UGLD,9560
AMTX,15852
SAFM,4234
BDRAF,358
TDIV,6289
SAFT,2565
NSYS,2342
SAFS,115217
SAIA,2815
GOHE,500
DNSKF,100
IDLV,85
EDPFY,215
SAIC,8199
FLEX,208980
TUNG,8000
LNCGY,4482
SWDHF,1900
GOGC,2000
AMWD,1278
WMTM,3000
FLDM,2487
GOGO,184051
KRC.PR.G,247
KRC.PR.H,662
EZCH,28364
TUMI,2589
HAIN,14878
PICO,1040
PUBGY,49
MKGAY,8
PICK,3728
SRLP,1800
AVMXY,11294
SRLN,1218
EIDO,42926
IDOG,1938
QLGC,18014
LVMHF,27
DWCH,4534
HALL,61
HALO,39504
RNSGF,1000
DWAS,15022
ROIC,33840
ROIA,597
IDNG,25950
QAI,24040
PICB,3427
JXSB,400
FLIC,605
GOLD,135896
ENH.PR.B,836
ENH.PR.A,589
AMZG,6226
PIEX,2000
SAMG,605
FLIR,23114
NTAP,235627
SAMP,20
QLIK,236009
ROLL,5063
RDEIY,8000
SALE,19493
TRBAA,48837
AOIFF,100
CTBI,2880
SALM,13628
SALT,48913
ECOCQ,400
CTAS,40516
AMZN,165476
CTCM,20113
SRPT,105638
CTCH,26626
IDSA,400
REG.PR.F,1810
QDF,152
NTCT,6412
GOOD,1111
IDST,2000
SAND,50657
TURV,1000
SANB,425
EIGI,4987
IDRA,184763
SANM,15957
GOMO,28081
SANW,12933
SANT,100
QEH,2700
SANP,2350
CCBG,810
CTCT,31424
QEP,51682
FLML,2020
NTEK,48750
NTES,80835
CCCR,2900
HARL,1
CCCL,1116
TDTT,6722
HART,2680
SARA,2304
GOOG,191989
IDSY,100
SAPE,22855
SAPX,360001
IDTI,55008
ROOF,13882
SRTY,158046
CWH.PR.E,478
GORO,58602
CWH.PR.D,2201
CTGO,2
AMSWA,1808
FLOT,15216
SASR,249
FLOW,4285
ANAD,13838
ANAC,119525
NTGR,2089
GCTAF,563
FLPC,90500
NBGIF,143733
AA.PR,160
CTHR,2566
QID,246546
HASI,3822
PIKE,1592
HAST,900
ANAT,1957
ANEWF,277
IAALF,36623
LNCE,12338
CRESY,3920
PINC,7380
CRESW,40000
LNCO,50251
ANCI,200
PZOO,24000
ANCB,600
CTIC,1477599
CTIB,200
CCGM,50
SAVE,22303
EZPW,17412
CCGI,6700
CCIH,10524
LNBB,893
SWGAY,13057
OFIX,894
GRP.U,11
NCFT,1018
CMGGF,97
ROSE,24903
BNPQY,2926
SATS,5109
IDXJ,224
ANDE,6518
WNBD,5000
PDRDY,465
HAUP,5000
ROSG,1828
HUB.B,3011
ROST,77785
CMXHF,100
IDXX,8074
ANCX,332
CTIX,34519
NCIT,1500
OFLX,765
GOVT,114
FLST,1000
ANEN,16778
QLD,204619
CPPMF,25000
GOVX,2625
ATGFF,200
CCIX,41797
ROVI,9541
WNEA,15500
HRZL,3372
HRZN,1451
LNDC,12886
FLRN,2941
HAWK,7644
ANFI,4722
LVMUY,23365
CTLE,17175
STT.PR.C,329
QLTY,84595
HAZH,6460
ANGO,17951
ANGL,682
LNGT,18000
ANGI,67475
NCU.PR.C,587
NCLH,10593
DFNS,1
UHAL,2329
FLTR,764
NTLS,18173
FLTX,1393
QLTA,462
OWOO,300000
HAYN,2116
IBDRY,1
TGSGY,235
QLTI,419
EIRL,14023
SNMCY,200
SGYPW,460
FLWS,4271
CCNI,25100
CCNE,1659
NCNE,2000
ANIP,2476
NKRKY,8
DWSN,653
ANIK,37241
CCMP,12007
CCMO,10
CCOM,1000
CCOI,9227
DWRE,4105
OAOFY,39
EVEIQ,371
DFRG,3217
IVAC,3102
QQQ,4260687
GLNCY,15
NCMI,5486
ROYL,9334
IVAN,302036
ROYT,8343
POAHY,140
TEAR,61740
QRE,7429
ALPMY,5990
IVDA,500
QRM,18150
QLYS,2028
NTRI,12400
CCOP,51600
FLXS,1964
ATXDY,274
ACERF,50000
CTRX,76116
CTRP,138775
CTRN,6218
CTRL,3259
LNKD,273188
SSBI,400
DTEGY,18556
CCRN,25333
THERF,2000
HBAN,434961
TECS,3112
FNFG.PR.B,668
HSCC,66400
QTM,23419
IVFH,200
QTS,5925
CTSO,90000
NWURF,500
PZZA,33751
HSCO,2592750
SBAC,70338
CTSH,1395777
CATYW,1400
PZZI,416
NTRR,24768
NTRS,42085
HSBC,35489
CCSC,242
TECH,17857
PBI.PR.A,113
PBI.PR.B,2777
TECD,4923
TECO,280000
JYHW,100
TECL,5461
RPAI,38337
HSEA,42465
HBCP,604
DANOY,4727
HSEB,4702
CCTC,53225
SBCF,1012
RAMPF,20000
GNCMA,4550
NCTY,7000
SBAY,5000
CCUR,1800
UEXCF,1000
BAC.WS.A,13580
BAC.WS.B,45000
IEFA,17021
CTXE,17050
ELYGF,3000
CTWS,913
TVIX,224092
FMAT,5114
OCR.PR.A,1300
OCR.PR.B,1100
ASTVF,3997
SCMWY,360
CSYJY,600
CTXS,66385
SBDG,119
NTWK,23738
HSIC,18164
FMCC,257288
HSII,947
CCXI,40733
SBGL,46551
CCXE,1008
ANSS,13468
HBHC,12051
SBGI,26229
RPDT,1575
FMBI,6174
SBFM,500
WNRL,1160
CTZN,1150
BFHJD,520
ANTH,13228
HSKA,5579
HBIO,3314
CREAF,200
FMER,30074
IEMG,42790
TELK,1600
QMCI,33800
HNNMY,2475
IELG,5
WNTR,332000
SBKK,600
AMBCF,10000
SSLT,28020
DXCM,22376
OXBT,49576
GPIC,200
DGAZ,180110
SAXPY,900
IVOG,5819
DGAS,29
IVOO,2820
RAD,566215
IVOV,9782
RAI,76041
OSAGF,250
RAS,17592
NABZY,547
RAX,68660
FDMCF,300
HSOL,212054
OXDG,1500
RIBTW,4000
HSON,1101
HBNC,36
RBA,23981
NUAN,271033
WGPLF,9500
RBC,6450
HBNK,600
LMRMF,59010
EXMCQ,9607
RBL,900
RBS,85638
CUBI,1455
HSNI,6717
RBY,164595
SBLK,27453
CUBE,35501
AAL,937385
AAN,22607
CUBA,3601
AAP,26693
RCD,13549
SSNC,10463
AAT,1683
AAU,17400
AAV,2120
RCG,1
RCI,8084
RCL,39723
HT.PR.C,8
SSNI,20250
RYAAY,6418
ABB,186271
ABC,44740
NDAQ,55583
OXFD,499
RCS,8858
ABG,2704
ABM,8430
RDA,13576
IESC,3101
RDC,47296
ABR,326
DXGE,1300
ABT,343549
REXMY,39
RDI,171
ABX,1240306
CUBV,1000
RDN,53307
ACC,22456
OGCP,2001
ACE,35105
SBND,3783
ACG,54769
RDY,6606
ACH,2317
ACI,493076
BRAF,460
SBNK,900
ACM,22532
ACN,140808
ACO,6901
ACP,13283
CUDA,31352
ACT,60461
HSPX,3217
REE,56820
DGEN,1000
ACU,61
ACW,3710
REG,10398
REI,1714
ACY,61
REN,10760
REM,67024
USNZY,100
SBNY,2689
HBOS,801
ADC,5350
WWNTY,135
RES,8860
REV,731
ECPCY,8719
REX,3979
CWVLF,1
REW,29
ADI,417739
REZ,3392
SGGDF,1000
ADK,5
ADM,98049
MDRPF,3000
ADP,236687
ADS,21516
ADT,97259
RFG,8636
CDCO,100
RFI,1092
WSBHF,100
ADX,3683
BRAZ,430
SBRA,8640
CHK.PR.D,300
FMNB,400
XRAY,69273
RFP,8098
AEB,285
BRAQ,2259
AEC,11057
HUSI.PR.H,407
AED,901
AEE,37663
HUSI.PR.G,1760
AEF,1581
HUSI.PR.F,920
AEG,49460
RFV,3170
HUSI.PR.D,375
AEH,2392
BRCM,596501
OGEN,6617
AEK,1597
AEL,463386
AEM,160108
TESO,25505
AEO,585909
AEP,152738
GPOR,53759
RGA,12011
AER,54695
BRCD,143452
RGC,34052
AES,150443
AET,115975
SSRI,122467
AEV,2109
ABCZY,697
HERXF,200
AEY,25712
OXGN,2365
RGI,1027
TESS,432
KGFHY,13
RGP,12266
BRBW,240
RGR,10118
AFA,6281
AFB,35169
AFC,1000
RGT,1439
HUSI.PR.Z,87
RGS,9287
AFG,8446
AFH,360
SBSI,1754
AFK,3396
AFL,51741
BABY,6314
AFM,284
BABZ,34
AFQ,281
BABS,540
VDMCY,97
AFT,9334
ACGBY,144
NUGT,1025014
RHI,28181
AFW,1238
LOAN,2
RHP,5529
RHS,642
AGC,15815
AGD,18026
MACK,119372
RHT,46233
AGG,62616
MRCC,62
AGI,17954
FMNJ,76517
HSTM,944
AGM,2008
AGN,100717
AGO,102922
AGQ,158528
RIC,11397
RIF,925
AGU,21959
RIG,99242
DGIT,4207
SSTK,1615
AGX,1716
AGZ,1918
RIO,82844
SBSA,840
GPRC,1666
TEVA,235414
AHC,1229
DGII,2718
RIT,697
DXJS,2709
GPRE,19438
MRCY,1355
BRDT,39208
AHH,412
BRFS,50985
AHL,11225
OXLC,2
LOCK,39460
RJA,87079
AHP,757
REGRF,100000
AHS,27594
AHT,11838
RJD,1274
BRFH,11000
LOCM,13524
FRCOF,10
RJF,43119
RJI,4970
MZRTF,2000
SBUX,296571
RJN,18507
AIA,2271
AIB,55
RPTP,16441
BREW,3592
AIF,734
AIG,772555
DXKW,2385
FRCOY,1356
RPRX,20156
RJZ,950
DGLD,9655
AIN,831
GALXF,588
BRGO,11458750
AIQ,4539
AIR,11556
NATDF,10500
AIT,2271
AIV,20890
RKH,600
AIW,150
DXLG,1390
AIY,1500
AIZ,24304
SOV.PR.C,4
DBSDY,18
RKT,6472
BTSGY,500
TEXC,15000
AJG,12488
WDGJF,100
ITYBY,5235
BTSDF,400
RLD,727
BHPBF,207
RLI,1642
DGLY,7159
RLH,500
YDIV,838
RLJ,18211
MRIB,160497
SSYS,79487
AKG,10803
RLY,1270
CDII,1000
KLAC,49906
AKP,4553
MRGE,5193
PETEF,1178
LODE,7729
AKR,20059
RMD,29882
AKS,270875
BAGR,1511
ALB,13704
RMT,5895
ALD,1390
ALE,3813
BAGL,2084
ALG,832
ALJ,49416
ALK,17592
ALL,117194
RNA,4418
LOGI,41430
YDKN,1578
ALR,8973
RNE,300
ALU,361570
LOGM,2330
RNG,1640
ALV,11433
RNF,3834
LOGL,1100
ALX,340
RPXC,5563
RNO,2217
VLDI,120
RNN,77122
RNP,7247
AMC,20608
RNR,97698
WBRBY,94
AMD,504570
AME,18807
NDLS,12991
BDTTZ,300
MAIN,8453
AMG,6053
AMH,7363
YUME,1999
ZGNX,107830
AMJ,11517
AMP,28182
AMS,200
BRKS,16327
ROC,14001
AMT,49868
BRKR,35024
DXPE,2025
AMU,757
ROG,1802
AMX,335951
MRIN,1812
BRKL,32470
ROL,3150
ROK,36359
ROM,3060
ROP,11800
CUNB,803
ANF,737952
HESAY,60
ROX,3515
ANH,42515
ANN,126993
MRLN,7488
ANR,326648
RPG,21157
ANV,293969
ANW,7405
PYMXQ,1000
RPM,21168
AOIL,200
BRLI,13222
AOA,14891
AOD,90006
RPT,5590
RPV,17303
AOI,7453
RPX,512
BOTRF,7500
AOK,8946
AOL,42105
AOM,3405
AON,36871
AOR,2792
AOS,12277
DGRE,2200
CDOC,16216
RQI,34685
APA,90145
APB,624
APC,122893
APD,23370
PLGTF,2425
APF,2650
CDNS,119143
APH,24883
API,3410
BRMA,5000
APL,19216
APO,16001
APP,66839
RRC,50392
RRD,50709
APT,2162
APU,3015
WZGRF,1000
HINOY,800
SEARF,11
DGRW,2294
KLIC,74009
MAMS,200
BALT,368040
LOJN,700
RSE,2681
TXCCQ,14191
XRMB,400
RSH,59345
RSG,45292
BANF,802
BANC,2280
IFAS,530
RSP,64326
SVCBY,100
RSO,37963
ARC,16121
RST,2594
ARE,9743
ARG,23513
RSX,196870
ARI,6823
CURE,11159
ARL,220
MRNA,57025
ARN,51
ARO,174427
ARP,3171
MBLTY,115
ARR,146583
HTBX,1193
ARU,1830
STBA,1952
ARW,22039
RTI,4021
RTH,6358
ARX,13113
ARY,156
RTK,29847
RTM,631
HCAP,600
RTL,912
RTN,46772
AKO.B,494
ASA,10248
AKO.A,1200
HTCH,5238
ASC,4300
STBV,6313216
LSTMF,12805
ASG,8384
CSIOY,500
ASH,17507
NDRO,13450
BANX,6722
TWER,32030
HTCO,2344
ASM,10900
BANR,3606
SCAI,1720
ASP,144
LONG,2000
STBZ,1211
NURO,9374
ASR,1151
STAG,9902
ASX,135670
STAA,7070
RUK,2200
IWEB,109400
MANH,2665
CUTR,2015
HTBI,84
ATE,400
HTBK,684
STAR,10828
MWIPD,18106
ATI,37195
XAND,5
MANU,3311
ATK,6879
ATL,3741
MANT,4144
BPWRF,20000
ATO,12112
ATR,7236
STAY,54864
HCCI,3864
ATU,6859
ATV,200
ATW,21637
SCBT,2550
WOOD,1843
ATX,3297
WOOF,7832
RVM,600
DXYN,1112
CDTI,7400
TWGP,299965
RVP,18117
AUD,200
RVT,11841
NUVA,8220
SCCO,211630
LOPE,23391
AUO,92255
AUQ,226683
NUTR,3821
RWG,100
RWJ,8753
HCBK,132433
AUY,573756
RWL,4925
RWK,191
STCC,600
UIHC,19538
RWM,20147
RWO,7180
RWR,10538
AVA,52828
AVB,61758
RWT,23012
BRSS,2082
STCK,2293
IFEU,1416
AVD,4981
AVG,17347
RWX,60884
RWW,42
AVH,10097
NDSN,7786
AVK,8483
AVL,45285
TFER,39424
AVP,94876
LOOK,400
AVT,26427
AVV,1538
RXI,5058
AVX,3060
AVY,10114
EXLLF,200
MASC,4768
RXL,4227
HTGC,23180
MASI,5342
RXN,3830
BASI,3357
AWC,8415
MRTX,2000
ISVLF,500
TWIN,35
AWF,10333
AWH,4319
AWI,14646
APLVF,1200
AWK,31564
XRTX,39515
AWP,64493
AWR,2976
LORL,1840
RYF,3730
BRTE,700
RYE,1711
HTGY,75
IFGL,14218
RYH,924
MARA,160
RYJ,4358
XRSC,1200
RYL,37768
RYN,27851
RYT,5622
OGXI,2039
AXE,6910
MARK,1480
STEM,22949
RYU,433
STEV,13000
AXL,30433
AXN,500
STFC,1471
RZA,524
AXP,247568
MRTN,1313
AXR,96900
AXS,13743
RZG,2116
AXU,51526
CDXS,5900
FNCB,900
RZV,3936
AYI,4134
FNCL,14471
CDXC,47431
AYN,207
AF.PR.C,1204
AOSL,4436
AYR,22603
SCE.PR.G,698
SCE.PR.F,3057
SCE.PR.E,100
SCE.PR.D,100
ELS.PR.C,199
SINGF,373
AZC,600
IFIT,100
MATH,1875
MATL,48
MATR,400
MATW,6561
AZN,142541
MRVC,261
AZO,4247
HTHT,10835
MATX,1318
FOLGF,12250
MRVL,514722
AZZ,2407
SCHZ,19373
SCHX,57120
SCIF,8187
BRXX,10830
SAFRY,153
SCIN,7760
LNVGY,3022
SCIL,8900
DYAI,1315
VLRS,3910
BRZG,269399
BAXS,22077
FNDA,5448
LNEGY,4791
FNDB,4047
FNDC,4752
SCHF,113866
SCHG,19325
FNDE,14280
FNDF,4176
SCHD,101881
SCHE,104938
SCHB,133125
SCHC,22195
STIP,767
SCHA,55589
SCHN,5608
SCHO,36887
SCHL,11319
SCHM,49495
SCHH,30471
SCHV,23388
SCHW,166695
SCHR,26020
FNDX,1086
TWMC,650
SCHP,12633
HCKT,2752
BAYP,100000
VLTC,692
FNGN,2912
BRZV,10000
BRZU,4498
IFON,12805
HCLP,20666
PKBK,200
MAXE,10000
MAXD,82790
STKL,13256
HTLD,37320
HTLF,1571
FNFG,79063
DYAX,14424
SAA,60
IFNA,1300
TWOK,2418
SAH,3955
SAM,2307
STLD,85159
SAN,756202
SAP,82421
STNR,1218
SAR,590
TELNY,2080
VWDRY,29701
ZYCI,50
SCMR,1342
ANFGY,40
SCMP,4096
SBH,161795
NVAX,242994
SBI,6165
STMP,8183
SBR,1665
BAA,31032
FNHC,5540
BAB,26786
BAC,10729415
BEE.PR.C,1
SBS,88092
STML,2901
BEE.PR.A,1180
TELOZ,21
BAF,1720
CVBF,6836
SBW,4823
BAH,10606
SBY,4574
BAK,17074
BAL,102
BAM,15074
VLUE,877
BAP,5923
SCC,28
BAS,24247
SCLN,4495
SCD,5475
SCG,75032
SCI,35500
EAIAF,9500
BAX,81295
DHCC,2200
SCJ,5835
STNG,20900
SCM,133
SCL,4894
SCO,239953
